"brand","id","satisfaction","trust","build","differs","easy","appealing","rewarding","popular","service","impact"
1,98,3,1,0,1,1,1,0,0,1,0
1,179,5,0,0,0,0,0,0,0,0,0
1,197,3,1,0,0,1,1,1,0,1,1
1,317,1,0,0,0,0,1,0,1,1,1
1,356,4,1,1,1,1,1,1,1,1,1
1,395,4,1,1,0,1,1,0,1,1,0
1,586,3,1,1,1,1,1,0,1,1,0
1,596,2,1,1,1,1,1,1,0,1,1
1,978,3,1,0,0,0,0,0,1,0,0
1,987,3,1,1,1,1,1,1,1,1,1
1,1002,5,0,0,0,0,0,0,0,0,0
1,1039,2,0,0,1,1,0,0,0,0,1
1,1087,4,1,0,0,1,1,0,1,0,0
1,1226,5,1,1,1,1,1,1,1,1,1
1,1282,3,1,1,0,1,0,0,0,1,0
1,1548,4,1,0,1,1,0,0,1,1,1
1,1594,4,1,0,1,1,1,1,1,0,1
1,1637,3,1,0,0,1,1,0,0,1,0
1,1739,5,0,0,0,0,1,1,0,0,0
1,1796,4,1,1,1,0,0,0,0,1,0
1,1822,4,0,0,1,0,1,0,0,1,0
1,1856,1,0,0,0,0,0,0,0,0,0
1,1871,3,1,1,1,1,1,1,1,1,1
1,2055,2,1,1,1,1,1,1,1,1,1
1,2111,3,0,0,0,0,0,0,0,0,0
1,2133,4,1,0,1,1,1,0,1,1,0
1,2154,4,0,0,0,1,1,0,1,0,1
1,2241,4,0,0,0,0,0,0,1,0,0
1,2273,4,1,0,0,0,0,1,0,1,0
1,2295,1,0,0,0,0,0,0,0,0,0
1,2297,3,0,0,0,1,0,0,1,0,0
1,2298,4,1,0,0,1,0,0,1,0,1
1,2434,4,1,0,0,1,1,1,1,1,1
1,2527,5,0,0,0,0,0,0,0,0,0
1,2586,4,1,1,1,1,1,1,1,1,1
1,2605,3,1,1,1,1,1,0,1,1,1
1,2970,2,0,0,0,0,0,0,0,0,0
1,2993,3,1,1,0,1,1,1,0,1,1
1,3103,4,1,0,0,0,1,0,1,1,1
1,3154,5,1,1,1,1,1,1,1,1,1
1,3166,1,1,1,1,1,1,1,1,1,1
1,3233,4,1,1,0,1,0,1,1,1,1
1,3447,3,0,0,1,0,0,0,0,0,0
1,3671,2,1,1,1,0,1,1,1,1,0
1,3686,3,1,1,1,1,1,0,0,1,0
1,3707,4,1,1,1,1,1,1,1,1,0
1,3784,4,0,0,1,1,1,0,0,0,0
1,3825,4,1,0,1,1,1,0,0,1,0
1,3838,4,1,1,0,1,1,1,1,0,0
1,3907,4,1,0,0,1,0,0,0,0,0
1,3918,5,1,0,1,1,1,1,1,1,1
1,3948,3,1,1,1,1,1,1,1,1,1
1,4026,5,0,0,0,0,0,0,0,0,0
1,4117,4,1,0,0,0,1,1,1,0,0
1,4286,4,1,0,0,1,1,0,1,0,0
1,4317,2,1,0,1,0,1,0,1,0,0
1,4404,5,1,0,0,0,1,1,1,1,0
1,4746,5,1,1,1,1,1,1,1,1,1
1,4844,3,0,1,0,1,0,1,0,1,0
1,4942,5,0,1,0,1,1,0,1,1,1
1,4973,5,1,1,1,1,1,1,1,1,1
1,5098,5,1,1,1,1,1,1,1,0,1
1,5152,1,1,1,0,0,1,0,1,1,0
1,5227,3,1,1,1,1,1,1,1,1,1
1,5237,4,0,0,0,1,0,0,0,1,0
1,5279,5,1,1,0,1,1,1,0,1,0
1,5612,4,1,0,0,1,1,0,0,1,0
1,5745,2,1,1,1,1,1,1,0,1,1
1,5790,2,0,0,0,0,0,0,0,0,0
1,5793,4,1,0,1,1,0,0,1,1,1
1,5811,3,0,0,0,0,0,0,0,0,0
1,5854,3,0,0,0,0,1,0,0,1,0
1,5857,4,0,0,0,0,0,0,0,0,0
1,5876,2,0,1,1,1,1,1,0,0,0
1,5927,5,0,0,0,0,0,0,0,0,0
1,5970,4,0,1,1,1,1,0,1,0,1
1,6036,4,1,1,1,1,1,1,1,1,0
1,6041,4,0,0,0,1,1,0,1,0,1
1,6071,4,1,1,0,1,1,1,1,0,0
1,6073,4,1,1,1,1,1,1,1,1,0
1,6102,1,0,0,0,0,0,0,0,0,0
1,6157,4,1,0,1,1,0,0,0,0,0
1,6255,5,1,1,1,1,1,1,1,1,1
1,6307,4,1,1,1,1,1,1,1,1,1
1,6309,4,1,0,1,0,1,1,0,0,1
1,6319,2,0,0,0,0,0,0,1,0,0
1,6473,3,1,1,0,1,1,0,0,1,0
1,6477,3,1,0,0,1,1,0,1,1,1
1,6581,3,1,0,0,1,0,1,1,0,0
1,6621,4,1,0,1,1,1,1,1,1,0
1,6622,3,0,0,0,0,0,0,1,0,0
1,6630,4,1,0,1,1,1,1,0,1,1
1,6636,2,1,1,1,1,1,1,1,0,1
1,6860,3,1,1,1,1,1,1,1,1,1
1,6976,2,0,1,1,1,1,1,0,1,1
1,7166,1,0,0,0,0,0,0,0,0,0
1,7221,4,1,0,1,0,0,0,0,1,1
1,7285,4,1,1,1,1,1,1,0,1,1
1,7450,3,0,0,0,0,0,0,0,0,0
1,7466,1,0,0,0,0,0,0,1,0,0
1,7526,4,1,1,1,1,1,1,1,1,1
1,7537,5,1,0,0,0,1,1,1,0,0
1,7638,5,1,1,1,1,1,1,0,1,1
1,7665,3,0,0,0,0,0,0,0,0,0
1,7711,4,1,0,0,0,0,1,1,1,0
1,7730,2,1,1,1,1,1,1,1,1,1
1,7734,5,0,1,0,1,0,1,0,0,0
1,7751,1,1,1,1,1,1,1,1,1,1
1,7837,2,1,1,1,0,1,0,0,1,0
1,7857,5,1,0,0,1,1,1,1,1,0
1,8109,3,0,1,0,0,0,1,1,0,0
1,8145,5,1,1,1,1,1,0,1,1,1
1,8220,5,1,0,1,0,0,1,0,0,1
1,8252,4,1,1,0,1,1,1,1,1,0
1,8311,2,0,0,0,0,0,0,0,0,0
1,8349,5,0,0,0,0,0,0,0,0,0
1,8366,4,1,1,1,1,0,0,1,1,1
1,8407,5,1,1,1,0,1,0,1,1,1
1,8418,4,0,0,0,1,1,0,0,0,0
1,8461,2,0,0,0,0,0,0,1,0,0
1,8538,5,1,1,1,1,1,1,1,0,1
1,8667,4,1,1,1,1,1,1,1,0,1
1,8721,5,1,1,1,1,1,1,1,1,1
1,8726,3,1,1,1,1,1,1,1,1,0
1,8728,2,0,0,0,0,0,0,0,0,0
1,8806,4,1,0,0,1,0,1,1,1,1
1,8878,3,1,0,1,1,1,1,1,1,1
1,8909,4,1,0,0,1,0,0,1,1,0
1,8913,4,1,0,0,0,0,0,0,1,0
1,8937,4,1,1,1,1,1,1,1,1,1
1,8995,4,1,1,1,1,1,1,1,1,1
1,9099,5,1,0,1,1,0,1,1,1,1
1,9197,5,0,0,0,1,1,1,1,1,0
1,9251,3,0,0,0,0,0,0,1,0,0
1,9320,3,0,0,0,1,1,1,1,1,0
1,9340,2,1,0,0,1,1,0,0,1,0
1,9347,3,1,1,1,0,1,1,1,1,0
1,9383,4,0,0,0,1,1,1,1,1,0
1,9451,3,1,0,0,0,0,0,0,0,0
1,9627,4,1,1,1,1,1,1,1,1,1
1,9689,4,1,0,1,1,1,0,0,1,1
1,9740,4,0,0,0,0,1,0,1,0,0
1,9845,3,1,1,0,1,0,0,0,1,0
1,9874,2,0,0,0,1,0,0,0,0,0
1,9931,4,1,0,1,1,1,1,1,1,1
1,9943,3,0,1,1,1,0,0,0,1,0
1,9977,1,1,1,0,1,0,1,0,0,0
1,10020,5,1,1,0,1,0,1,0,1,1
1,10189,4,1,1,1,1,1,1,1,1,1
1,10223,1,1,1,1,1,1,1,1,1,1
1,10243,3,0,0,0,1,0,0,1,1,0
1,10343,5,1,1,1,1,1,0,1,1,1
1,10459,3,0,0,0,0,0,0,0,0,0
1,10519,4,1,0,0,0,1,1,0,0,0
1,10537,1,0,0,1,0,0,0,0,0,0
1,10561,4,1,0,0,1,0,0,0,0,0
1,10624,4,1,1,0,1,1,0,1,0,1
1,10631,4,1,0,0,1,0,0,1,1,0
1,10654,4,1,0,0,1,0,0,0,1,1
1,10665,4,0,0,0,0,0,0,0,0,0
1,10706,3,1,0,1,1,1,1,1,0,1
1,10710,5,0,0,1,1,1,1,1,1,1
1,10724,2,1,0,0,1,0,0,0,1,1
1,10769,4,0,1,0,0,0,1,0,0,0
1,10773,2,1,1,1,1,1,1,0,1,1
1,10918,1,0,0,0,0,0,0,0,0,0
1,11006,3,0,0,0,0,0,0,1,0,0
1,11016,3,1,0,0,0,0,0,0,1,1
1,11039,5,1,0,1,1,1,1,0,1,1
1,11364,5,1,0,0,1,1,0,1,0,0
1,11378,3,0,0,1,0,0,0,0,1,0
1,11385,5,1,1,1,1,1,1,1,1,1
1,11404,4,1,0,1,0,1,0,1,1,0
1,11513,3,1,1,0,1,0,0,0,0,0
1,11621,4,1,0,0,0,1,0,0,0,0
1,11669,4,0,0,1,0,0,0,0,0,1
1,11670,5,1,1,0,1,0,1,1,1,0
1,11703,5,0,0,0,1,1,0,1,0,0
1,11888,4,1,0,1,1,1,1,1,1,0
1,12167,3,1,0,0,0,0,0,0,0,0
1,12365,4,1,1,1,1,1,1,1,1,1
1,12431,3,0,0,1,0,0,0,0,0,0
1,12521,4,1,1,1,0,1,1,1,0,0
1,12786,4,0,0,1,1,1,1,1,0,0
1,12987,5,1,1,1,1,1,1,1,1,1
1,13008,4,0,0,0,1,1,1,0,0,0
1,13052,5,1,0,0,1,1,1,1,1,0
1,13198,1,1,1,1,1,1,1,1,1,1
1,13214,5,1,1,0,0,1,1,1,0,0
1,13216,5,1,1,1,1,1,1,1,1,1
1,13329,5,1,1,1,1,1,0,0,1,0
1,13389,4,1,0,1,1,1,1,0,0,1
1,13496,3,0,0,0,0,0,0,0,0,0
1,13699,3,1,0,1,1,1,0,1,1,1
1,13735,3,0,1,0,1,1,1,0,0,1
1,13741,2,1,1,1,1,1,1,1,1,1
1,13909,5,1,1,1,1,1,1,1,1,0
1,14008,5,1,1,1,1,0,0,1,1,1
1,14019,3,1,0,0,0,0,0,0,0,0
1,14059,4,1,0,0,0,0,1,0,1,1
1,14153,5,1,1,1,1,1,1,1,1,1
1,14188,3,1,1,1,1,1,1,1,1,1
1,14197,4,1,1,1,0,1,1,0,1,0
1,14210,2,1,0,0,1,0,0,1,0,0
1,14420,1,1,1,1,1,1,1,1,1,1
1,14448,1,1,1,0,1,0,1,1,1,0
1,14488,5,1,1,0,1,0,1,1,1,0
1,14590,4,1,0,0,0,0,1,1,1,0
1,14770,3,0,0,0,0,0,0,1,0,0
1,14800,2,0,1,0,0,0,0,0,0,1
1,15054,3,1,1,0,1,1,1,1,1,1
1,15119,5,0,1,0,1,1,0,1,1,1
1,15126,4,1,1,1,1,1,1,1,1,1
1,15135,3,0,0,1,1,1,1,1,1,0
1,15170,4,1,0,0,1,1,0,1,1,0
1,15238,1,0,0,0,0,0,0,0,0,0
1,15389,4,1,1,0,1,1,1,0,0,1
1,15478,4,0,1,0,0,0,0,1,1,1
1,15487,5,1,1,0,1,1,1,1,1,1
1,15570,2,0,0,0,0,0,0,1,0,0
1,15615,4,1,1,1,1,1,0,1,1,1
1,15772,4,1,0,1,1,1,1,0,1,1
1,15803,4,0,0,1,0,0,1,0,1,0
1,15830,4,1,1,1,1,1,1,1,1,1
1,15867,2,1,0,1,1,1,0,0,1,0
1,15914,4,0,0,1,0,1,1,0,0,1
1,15926,4,0,0,0,1,1,1,0,1,1
1,15933,5,0,1,0,0,1,0,1,1,1
1,15936,4,0,1,1,1,1,1,1,1,0
1,15948,4,0,0,0,0,0,0,0,1,0
1,16012,4,1,1,0,1,1,1,1,1,1
1,16081,4,1,1,1,1,1,1,1,1,1
1,16088,5,0,0,0,0,0,0,0,0,0
1,16120,4,0,0,0,0,0,0,0,0,0
1,16148,5,1,0,1,1,0,0,1,0,0
1,16149,5,1,0,1,1,1,1,1,1,1
1,16171,4,0,0,0,0,0,0,0,0,0
1,16206,4,1,0,0,1,1,0,0,1,0
1,16257,3,0,0,0,0,0,0,1,0,0
1,16307,4,1,1,1,1,1,1,1,0,1
1,16461,2,1,0,0,1,0,0,1,1,0
1,16508,4,1,0,0,1,0,0,1,1,1
1,16516,1,0,0,0,0,0,0,0,0,0
1,16602,4,1,0,0,1,0,0,1,1,1
1,16730,1,1,1,0,1,0,0,1,0,0
1,16820,4,1,0,1,1,1,1,1,0,1
1,16981,4,1,1,1,1,1,1,1,1,1
1,16983,3,1,0,0,0,0,1,1,1,0
1,17022,4,0,0,0,0,0,0,0,0,0
1,17047,2,0,0,1,1,1,0,1,0,0
1,17205,5,1,1,1,1,1,1,1,1,1
1,17217,4,1,1,0,1,1,0,1,1,1
1,17220,3,0,0,0,0,1,0,0,0,0
1,17303,3,1,0,0,0,0,0,0,0,0
1,17385,4,1,0,0,0,0,0,1,0,0
1,17410,5,0,0,0,0,0,0,0,0,0
1,17431,5,1,0,1,1,1,1,1,0,1
1,17441,2,1,1,0,1,0,1,0,1,0
1,17625,3,1,1,1,1,1,0,1,1,1
1,17629,4,1,1,1,1,1,0,1,1,1
1,17730,4,1,1,0,1,1,1,0,1,0
1,17945,4,0,1,0,1,1,1,1,1,0
1,17954,4,1,0,0,1,1,1,0,1,1
1,18073,1,1,0,0,0,0,0,1,0,0
2,179,5,0,0,0,0,0,0,0,0,0
2,309,4,1,1,1,1,1,1,1,1,1
2,356,3,1,0,0,1,1,0,1,0,0
2,364,4,1,0,0,1,1,1,1,1,1
2,369,4,0,1,0,1,0,1,1,0,1
2,391,5,0,0,1,0,0,0,0,0,1
2,397,3,0,0,0,0,0,0,1,0,0
2,474,3,0,0,0,0,0,0,0,0,0
2,520,2,0,1,1,1,1,1,1,1,1
2,596,1,0,0,0,0,0,0,1,0,0
2,648,3,1,1,0,1,0,1,0,1,1
2,860,3,1,1,0,1,1,1,1,1,0
2,914,4,0,1,1,1,0,1,0,1,0
2,987,3,1,1,1,0,1,1,1,1,1
2,1113,2,0,0,0,0,0,0,1,1,0
2,1237,4,1,1,0,1,1,1,1,1,1
2,1294,2,0,0,0,0,0,0,0,0,0
2,1551,3,0,0,0,0,0,0,1,0,1
2,1594,5,1,1,0,0,0,0,0,0,1
2,1719,3,1,0,0,1,0,0,1,0,1
2,1730,1,1,1,0,0,1,1,1,1,0
2,1736,5,1,1,1,1,1,1,1,1,1
2,1739,3,0,0,0,0,0,0,1,0,0
2,1795,2,1,1,1,1,1,1,1,1,1
2,1796,5,1,1,0,0,0,1,0,1,0
2,1836,5,1,0,0,1,0,0,1,1,0
2,1871,3,1,1,1,1,1,1,1,1,1
2,1987,3,1,1,0,1,0,0,1,0,0
2,2111,3,0,0,0,0,0,0,0,0,0
2,2133,1,0,0,0,0,0,0,0,0,0
2,2154,5,1,0,0,0,0,0,1,0,0
2,2186,2,0,0,0,0,0,0,0,0,0
2,2240,5,1,1,1,1,1,1,1,1,1
2,2272,1,0,0,1,1,1,1,0,1,0
2,2298,3,0,0,0,0,0,0,1,0,0
2,2339,3,1,1,1,1,1,1,1,1,0
2,2434,4,1,0,0,1,0,0,1,0,0
2,2443,4,0,1,1,1,1,1,1,1,1
2,2527,3,0,0,0,0,0,0,0,0,0
2,2535,5,1,0,0,0,0,0,1,0,0
2,2584,3,0,0,0,0,0,0,0,0,0
2,2605,3,1,1,1,1,0,1,0,1,1
2,2733,5,1,0,1,1,1,0,1,0,0
2,2894,3,1,1,1,1,1,1,1,1,1
2,2910,5,1,1,0,1,1,1,1,0,1
2,2968,3,0,0,0,0,0,0,0,0,0
2,2970,1,1,1,1,1,1,1,1,1,1
2,3103,4,1,0,0,0,1,0,1,1,1
2,3233,4,1,1,1,1,0,1,0,1,1
2,3290,3,0,0,0,0,1,1,0,0,0
2,3316,4,1,1,0,1,1,1,1,1,1
2,3343,3,1,0,0,0,1,1,1,1,0
2,3431,4,1,1,0,0,0,1,1,0,1
2,3447,5,0,1,0,0,0,1,0,0,1
2,3564,3,0,0,0,0,0,0,1,1,0
2,3607,5,1,1,1,1,1,1,1,1,1
2,3784,1,0,0,0,0,0,0,0,0,0
2,3842,2,1,0,0,1,1,0,0,1,0
2,3852,1,1,0,0,0,1,1,1,1,1
2,3892,4,0,0,0,0,0,0,0,0,0
2,3907,4,1,0,1,0,0,0,0,0,0
2,3918,5,1,1,1,1,1,1,1,1,1
2,3965,3,1,1,0,1,1,1,1,1,0
2,3978,3,0,1,0,1,0,0,1,1,0
2,3993,4,1,0,1,1,1,1,0,1,0
2,4066,1,0,0,0,0,0,0,0,1,0
2,4093,5,0,0,0,0,0,0,0,0,0
2,4735,1,1,1,1,1,1,1,1,1,1
2,4746,5,0,0,0,0,1,0,0,1,1
2,4806,3,1,0,0,1,1,1,1,0,1
2,4973,5,1,1,1,1,1,1,1,1,1
2,5090,4,1,0,0,0,1,1,0,0,0
2,5215,4,1,1,1,1,0,1,1,1,0
2,5262,4,0,0,0,1,1,0,1,1,0
2,5358,3,1,0,1,1,1,1,1,0,0
2,5378,3,0,0,0,0,1,1,1,1,0
2,5437,5,0,0,0,0,1,0,0,0,1
2,5462,4,1,1,0,1,1,1,1,1,0
2,5772,4,1,1,1,1,1,1,1,1,1
2,5790,1,0,0,0,0,0,0,0,0,0
2,5794,4,1,1,1,1,1,0,1,1,1
2,5857,3,0,0,1,0,0,0,1,0,1
2,5970,5,0,1,0,0,0,0,1,0,0
2,5971,3,1,1,0,1,0,0,1,1,0
2,5973,4,1,1,1,1,1,1,1,0,0
2,5982,3,1,0,0,0,0,0,0,1,0
2,5999,2,0,0,0,0,0,0,0,0,0
2,6036,2,0,0,0,0,0,0,0,0,0
2,6041,4,1,1,1,0,1,1,1,1,0
2,6102,2,1,1,1,1,1,1,1,1,0
2,6145,3,0,0,0,0,0,0,0,0,0
2,6174,4,0,0,0,0,0,0,0,0,0
2,6178,3,0,1,1,1,1,1,1,0,1
2,6278,3,1,0,0,1,1,1,0,0,0
2,6287,4,0,0,0,0,0,0,0,0,0
2,6290,4,0,0,0,0,0,0,1,0,0
2,6417,4,1,1,0,1,1,1,1,0,1
2,6471,1,0,1,0,0,0,0,0,0,0
2,6496,5,0,1,0,1,1,1,1,1,1
2,6596,3,1,1,0,1,1,1,1,1,1
2,6630,1,0,0,0,0,1,1,0,0,0
2,6632,1,0,0,0,0,0,0,0,0,0
2,6841,4,0,0,1,0,0,0,1,0,0
2,6954,4,1,1,1,1,1,1,1,1,1
2,7285,2,0,0,0,0,1,1,0,0,0
2,7450,3,0,0,0,0,1,0,0,0,0
2,7537,4,0,0,0,0,0,0,1,0,0
2,7552,3,0,0,0,0,0,0,1,0,0
2,7646,1,0,0,0,0,0,0,0,0,0
2,7665,3,0,0,0,0,0,0,0,0,0
2,7730,3,1,1,1,1,0,1,1,1,0
2,7734,5,0,0,0,0,0,0,0,1,0
2,7774,3,0,0,0,1,1,1,1,0,1
2,7885,3,1,0,1,1,0,1,1,1,1
2,7925,4,1,0,0,1,1,1,1,1,0
2,8145,5,1,1,0,1,1,1,1,1,1
2,8245,5,0,0,0,1,0,0,0,0,0
2,8259,3,0,0,0,0,0,1,0,0,0
2,8331,5,0,0,1,1,1,1,1,1,1
2,8366,4,1,1,1,1,1,1,1,1,1
2,8467,3,1,1,0,1,0,0,1,0,0
2,8589,4,0,0,0,0,1,0,0,1,0
2,8642,2,0,1,1,1,1,0,0,1,0
2,8688,3,1,0,1,1,1,0,1,1,1
2,8693,3,1,0,0,0,0,0,0,0,0
2,8790,4,1,1,0,1,1,0,1,1,1
2,8878,3,1,1,0,1,1,1,0,0,0
2,8909,4,0,0,0,1,1,0,1,0,1
2,8967,2,0,0,0,0,0,0,0,0,0
2,8995,3,1,1,1,1,1,0,1,1,1
2,9044,2,1,1,1,1,1,1,0,1,1
2,9050,2,0,0,1,0,0,1,1,0,0
2,9058,2,0,0,0,0,0,0,0,0,0
2,9171,4,0,0,0,1,1,0,0,0,0
2,9197,3,0,0,0,0,1,1,1,0,0
2,9212,5,1,0,0,0,1,0,0,1,1
2,9497,3,1,0,0,0,1,1,1,0,0
2,9616,5,1,1,0,1,1,1,1,1,1
2,9627,2,0,0,0,0,0,0,0,0,0
2,9633,3,1,0,0,1,1,1,0,0,0
2,9652,2,0,0,0,0,0,0,0,0,0
2,9689,4,1,1,0,1,0,1,1,1,1
2,9702,1,0,0,1,0,0,1,0,0,0
2,9782,4,1,1,0,1,0,1,1,1,1
2,9833,4,1,1,1,1,1,1,1,1,1
2,9874,1,0,0,0,1,1,1,0,0,0
2,9890,4,1,0,1,0,0,0,0,0,0
2,9907,3,0,0,0,1,1,0,0,0,0
2,9942,4,1,1,1,1,1,1,1,1,0
2,9995,4,1,1,0,1,1,0,0,1,0
2,9996,3,0,0,0,0,0,0,0,0,0
2,10042,3,1,0,0,1,1,1,0,1,0
2,10069,3,0,1,0,0,0,0,0,0,0
2,10089,5,0,0,0,0,0,0,1,0,0
2,10106,1,1,0,0,0,0,0,0,0,0
2,10189,3,0,0,0,1,1,0,0,0,0
2,10220,3,0,0,0,0,0,0,0,0,0
2,10223,2,1,1,1,1,1,1,1,1,1
2,10238,4,1,0,1,0,1,0,0,1,0
2,10243,4,1,0,0,1,1,1,0,0,0
2,10454,4,0,0,0,0,0,0,0,0,0
2,10537,3,1,1,0,1,1,1,1,0,1
2,10561,5,0,0,0,1,0,0,0,0,0
2,10654,4,1,1,1,1,1,1,1,1,1
2,10665,3,0,0,1,0,1,0,1,0,0
2,10761,1,0,0,0,0,0,0,0,0,0
2,10935,1,0,0,0,0,0,0,0,0,0
2,10939,4,1,1,1,1,1,1,1,1,0
2,11039,5,0,1,0,0,1,0,0,0,0
2,11198,5,1,1,0,1,1,1,1,1,1
2,11385,5,1,0,0,1,0,0,1,0,1
2,11599,4,1,1,1,1,1,1,1,1,1
2,11669,4,0,0,0,0,1,1,1,0,0
2,11759,2,0,0,0,0,0,0,0,0,0
2,11975,4,1,0,0,1,1,1,0,0,1
2,12015,5,0,0,0,0,0,0,0,0,0
2,12156,4,1,1,1,1,1,1,1,1,1
2,12190,5,0,0,0,0,0,0,1,0,0
2,12259,1,1,0,0,1,1,1,1,1,1
2,12365,4,0,0,0,0,0,0,0,0,0
2,12431,4,0,1,0,1,0,0,1,0,0
2,12439,4,1,1,1,1,1,1,0,0,1
2,12521,4,0,1,0,0,1,1,0,1,1
2,12739,3,0,0,0,0,0,0,0,0,0
2,12987,5,0,0,0,0,0,1,1,1,0
2,13174,3,1,0,1,0,0,0,1,1,1
2,13221,3,0,0,0,0,1,0,1,0,0
2,13260,2,0,1,0,1,1,1,1,0,0
2,13294,4,0,0,0,0,0,0,0,0,0
2,13304,2,0,0,0,0,0,0,0,0,0
2,13314,5,0,0,0,1,0,0,0,0,1
2,13520,3,1,1,0,1,0,0,1,1,0
2,13545,5,0,0,0,0,0,0,0,0,0
2,13673,4,0,0,0,0,0,0,1,0,0
2,13735,4,1,1,0,1,1,1,1,0,1
2,13784,3,1,0,1,0,1,1,0,0,0
2,13844,2,1,0,1,0,0,1,1,1,0
2,13887,3,0,0,0,1,0,0,0,0,0
2,13907,4,1,1,0,0,1,0,1,0,0
2,13980,4,1,1,0,1,1,1,0,0,0
2,13997,4,1,1,0,0,0,1,0,1,1
2,14000,3,0,0,0,0,0,0,0,0,0
2,14018,4,0,0,0,0,0,0,0,0,0
2,14059,1,0,1,0,0,0,0,0,0,0
2,14141,3,0,0,0,0,0,0,0,1,0
2,14213,3,1,1,1,1,1,1,1,1,0
2,14348,2,1,1,0,1,1,1,0,1,0
2,14391,5,1,1,0,1,0,1,1,1,1
2,14420,1,0,0,0,0,0,0,0,0,0
2,14448,4,1,1,0,1,0,1,1,1,0
2,14462,4,1,0,0,0,0,1,0,1,0
2,14465,5,1,0,0,0,0,1,1,1,1
2,14474,3,0,1,1,0,1,1,1,1,1
2,14547,2,1,0,0,0,0,0,1,0,0
2,14752,4,1,1,1,1,1,1,1,1,1
2,14757,2,1,0,0,1,0,0,0,0,0
2,14771,5,0,0,0,0,0,0,0,0,0
2,14797,4,1,0,0,1,0,0,1,0,1
2,14800,5,1,1,0,1,0,1,1,1,1
2,14818,1,0,1,0,0,1,1,0,0,0
2,14842,3,1,0,0,0,1,1,1,0,0
2,14968,5,1,0,0,1,1,1,1,1,0
2,15093,4,1,1,1,1,1,1,1,1,1
2,15119,4,1,0,1,1,1,1,1,1,1
2,15135,4,1,1,0,1,0,1,0,1,1
2,15235,3,0,1,1,1,1,1,0,1,1
2,15478,4,1,1,1,1,1,1,1,1,1
2,15673,4,1,1,1,1,1,1,1,1,1
2,15790,5,1,1,1,1,1,1,1,1,1
2,15823,3,1,1,1,1,1,1,1,1,1
2,15830,1,0,1,0,1,0,0,1,0,0
2,15839,4,1,1,0,1,0,1,1,1,1
2,16019,4,1,1,0,1,1,1,1,0,0
2,16022,3,0,0,0,0,0,0,1,0,1
2,16037,4,0,0,1,0,0,0,1,1,1
2,16088,4,1,1,1,1,1,1,0,1,1
2,16259,5,1,1,1,1,1,1,1,1,0
2,16461,3,0,0,0,0,1,0,1,0,0
2,16508,1,0,0,0,0,0,0,1,0,0
2,16582,4,1,1,1,1,1,1,1,1,1
2,16602,4,1,0,0,1,1,0,1,1,1
2,16730,1,0,0,0,1,0,0,0,0,0
2,16790,4,1,1,1,1,1,1,1,1,1
2,16837,3,0,0,1,1,1,0,0,1,0
2,16851,4,1,1,0,1,1,1,1,1,1
2,16908,3,1,1,0,1,0,0,1,1,1
2,17156,4,0,0,0,0,1,1,1,0,0
2,17217,3,1,0,0,0,1,1,1,1,1
2,17285,2,1,0,0,0,0,0,0,1,0
2,17340,3,0,0,0,0,1,0,0,0,0
2,17730,3,1,1,0,1,1,1,0,1,0
2,17893,4,1,1,1,1,0,1,1,0,1
2,17984,3,1,1,0,1,0,1,0,0,0
2,17999,1,1,1,1,1,1,1,1,1,1
3,88,4,1,1,1,1,1,1,1,1,1
3,97,4,1,0,1,1,1,1,0,1,1
3,152,5,1,1,1,1,1,1,1,1,1
3,156,1,0,0,0,0,0,0,0,0,0
3,158,3,1,1,0,0,0,0,1,0,0
3,217,3,1,0,0,0,0,0,0,0,0
3,309,3,1,1,1,1,1,1,1,1,0
3,316,1,1,1,1,1,0,1,1,1,1
3,317,2,0,0,0,1,1,1,0,1,0
3,329,3,1,1,0,1,1,1,1,1,1
3,364,4,1,1,1,1,1,1,1,1,1
3,474,4,0,0,0,0,0,0,0,0,0
3,586,3,0,0,0,0,0,0,1,0,0
3,596,3,0,0,0,0,0,0,0,0,0
3,613,4,1,1,0,1,0,0,1,1,0
3,647,4,1,1,1,1,1,1,0,1,0
3,648,3,0,1,0,1,1,1,0,1,0
3,734,4,1,0,0,1,0,0,0,0,0
3,860,3,1,1,0,1,1,1,1,1,0
3,864,4,0,0,0,0,0,0,0,0,0
3,914,4,0,1,1,1,0,0,0,1,0
3,978,4,1,0,1,0,1,1,1,1,1
3,1041,5,1,1,1,1,1,1,1,1,1
3,1053,5,1,1,1,1,1,1,1,1,1
3,1073,3,1,1,0,1,1,1,0,1,1
3,1087,4,1,0,0,1,1,1,1,0,0
3,1111,1,1,1,1,1,1,1,1,1,1
3,1113,4,1,0,0,0,0,1,1,0,0
3,1166,3,1,0,1,0,1,1,1,1,0
3,1190,4,0,1,0,1,1,1,1,0,0
3,1237,4,1,1,0,0,1,0,1,0,0
3,1249,5,1,1,1,1,1,1,1,1,1
3,1278,3,1,0,0,1,0,1,1,0,0
3,1315,4,0,1,0,1,1,1,1,1,1
3,1529,3,1,0,0,1,1,0,1,0,0
3,1585,2,0,0,0,0,0,0,1,0,0
3,1636,1,0,0,0,0,0,0,0,0,0
3,1659,4,1,0,0,1,1,1,1,0,0
3,1701,4,1,1,1,1,1,0,1,1,0
3,1706,4,1,1,1,1,1,1,1,1,0
3,1717,4,1,1,0,1,0,1,1,1,1
3,1730,3,1,1,1,1,1,1,1,1,1
3,1739,3,0,0,0,0,0,0,1,0,0
3,1758,3,1,0,0,0,1,0,1,0,0
3,1788,3,0,0,0,1,0,1,0,0,0
3,1813,5,1,0,1,1,1,1,1,1,0
3,1822,3,1,1,0,0,0,1,1,0,1
3,1823,4,1,1,1,1,1,1,1,0,1
3,1856,1,1,1,1,0,0,1,0,1,0
3,1860,4,0,1,0,1,1,1,1,0,0
3,1938,4,1,0,0,1,1,1,1,1,1
3,1994,5,1,1,1,1,1,1,1,1,1
3,2005,5,1,1,1,1,1,1,1,1,1
3,2012,4,1,1,1,1,1,1,1,1,1
3,2176,1,0,0,0,0,1,0,1,0,0
3,2186,3,0,1,1,0,0,0,0,0,0
3,2233,3,1,0,0,0,1,1,1,0,0
3,2236,3,0,0,0,0,1,1,0,1,1
3,2272,1,0,0,0,1,0,1,1,1,0
3,2273,5,1,0,1,1,1,0,1,0,1
3,2293,3,1,1,1,1,1,0,1,1,0
3,2297,2,0,1,0,1,0,0,1,0,0
3,2304,3,1,1,1,1,1,1,1,1,1
3,2339,3,1,1,1,1,1,1,1,1,0
3,2376,4,1,1,1,1,1,1,1,1,1
3,2412,3,1,1,0,1,1,1,0,1,0
3,2441,5,1,1,1,1,1,1,1,1,1
3,2509,2,1,1,1,1,1,1,1,1,1
3,2531,3,0,0,0,0,0,0,0,0,0
3,2535,4,1,0,0,0,0,0,1,0,0
3,2573,3,0,1,0,1,1,1,1,1,0
3,2586,3,0,0,0,0,0,0,0,0,0
3,2634,3,1,1,0,0,1,0,1,1,0
3,2686,4,1,1,0,0,1,0,1,1,1
3,2693,2,1,0,0,0,1,1,1,1,0
3,2717,3,1,1,1,1,1,1,1,1,1
3,2864,3,1,1,1,1,1,1,1,1,1
3,2899,3,0,0,0,0,0,0,1,0,0
3,2967,1,0,0,0,0,0,0,0,0,0
3,2968,3,0,0,0,0,0,0,0,0,0
3,2970,3,1,1,1,0,1,0,0,0,0
3,2977,3,0,0,0,0,1,0,1,0,1
3,2993,3,1,1,0,1,1,1,0,1,1
3,3042,5,1,1,1,1,1,1,1,1,1
3,3050,4,1,1,0,1,1,0,1,1,0
3,3076,4,1,1,1,1,1,1,1,1,0
3,3107,5,1,0,0,1,1,1,1,1,0
3,3125,4,1,0,0,1,0,1,1,0,0
3,3128,3,1,0,0,1,0,1,1,1,0
3,3134,3,0,0,0,0,0,0,0,0,0
3,3154,5,0,0,0,0,0,1,1,1,0
3,3164,4,0,0,0,0,1,0,0,0,1
3,3186,2,0,0,0,0,0,0,0,0,0
3,3230,3,0,0,0,0,0,0,0,0,0
3,3290,4,1,1,0,0,1,1,1,0,0
3,3291,5,1,0,0,0,0,1,1,1,0
3,3296,3,1,0,1,1,0,1,1,1,0
3,3298,3,1,1,1,1,1,1,1,1,1
3,3316,4,1,1,1,1,1,1,1,1,1
3,3357,4,1,1,0,1,1,1,1,0,0
3,3358,5,1,1,1,1,1,1,1,1,1
3,3366,2,0,1,0,0,0,0,0,0,0
3,3379,5,1,1,1,1,1,1,1,1,1
3,3489,2,0,0,1,0,0,0,1,0,0
3,3564,4,1,0,1,1,0,0,1,1,0
3,3607,4,0,0,0,0,0,0,0,1,0
3,3665,4,1,1,1,0,1,0,1,1,0
3,3671,1,0,0,0,0,0,0,0,0,0
3,3686,3,1,1,1,1,1,1,1,0,1
3,3766,2,1,1,0,1,0,1,1,1,1
3,3784,4,0,0,0,1,0,0,0,0,0
3,3788,4,1,0,1,1,1,1,0,1,1
3,3811,3,0,1,0,0,0,1,0,0,0
3,3812,4,1,1,1,1,1,1,1,1,1
3,3825,4,1,1,1,1,1,1,1,1,1
3,3835,3,1,1,1,0,1,1,1,0,1
3,3844,5,1,1,1,1,1,1,1,1,1
3,3877,3,0,0,0,1,0,0,0,0,0
3,3895,2,1,1,0,1,1,0,1,1,0
3,3907,5,1,0,0,1,0,1,0,0,0
3,3931,3,1,1,0,1,0,0,0,0,0
3,3932,1,0,0,0,0,0,0,0,0,0
3,3948,4,1,1,1,1,1,1,1,1,1
3,3951,4,1,1,1,1,1,1,1,1,1
3,3965,3,0,1,0,1,1,1,1,1,0
3,3978,3,0,0,0,0,0,0,1,0,0
3,3993,5,1,1,0,1,1,1,1,1,1
3,4093,5,0,0,0,0,0,0,0,0,0
3,4151,3,1,1,0,0,1,1,1,1,0
3,4309,4,1,1,1,1,0,1,1,1,0
3,4310,5,0,0,0,0,1,0,1,0,1
3,4317,4,1,0,1,0,1,1,0,1,0
3,4322,5,1,1,1,1,1,1,1,1,1
3,4404,3,1,0,0,0,1,1,1,0,0
3,4425,2,1,1,0,1,1,1,1,1,0
3,4513,4,0,0,0,0,0,0,0,0,0
3,4558,4,1,0,0,1,1,1,1,1,0
3,4735,5,1,1,1,1,1,1,1,1,1
3,4806,3,0,0,0,1,1,1,1,0,1
3,4844,3,0,0,0,1,1,0,1,0,0
3,4894,5,0,0,0,0,0,0,0,0,0
3,4909,4,1,0,1,0,1,0,0,0,0
3,4967,4,1,1,1,1,1,1,1,1,1
3,4985,2,0,0,0,0,1,1,1,0,0
3,5061,5,1,1,0,0,1,1,1,1,0
3,5090,4,1,1,0,0,0,1,1,0,0
3,5098,3,1,0,0,1,1,0,1,0,0
3,5215,4,1,1,1,1,1,1,1,0,0
3,5237,5,0,1,0,1,1,1,0,0,1
3,5378,2,0,1,0,1,0,0,0,0,0
3,5492,3,0,0,0,0,0,0,0,0,0
3,5550,4,0,0,0,0,1,0,1,0,0
3,5558,1,0,0,0,0,0,0,0,0,0
3,5612,2,1,1,0,1,0,1,0,1,0
3,5638,2,1,1,0,1,1,1,0,0,0
3,5745,1,0,0,0,0,0,0,0,0,0
3,5790,2,0,0,0,0,0,1,0,0,0
3,5810,3,1,0,1,1,1,1,1,1,0
3,5811,3,0,0,0,1,0,0,0,0,0
3,5857,5,1,1,0,1,1,1,1,0,0
3,5876,3,1,1,0,1,1,1,1,1,0
3,5887,4,1,1,1,1,1,1,1,1,1
3,5970,4,0,0,0,0,0,0,1,0,0
3,5971,3,1,1,0,1,0,0,1,1,0
3,5973,2,1,1,0,0,1,0,1,0,0
3,5974,5,1,1,1,0,0,0,1,1,0
3,6037,2,1,1,1,1,1,1,1,1,1
3,6071,5,1,1,1,1,1,1,1,1,1
3,6093,1,1,1,0,1,1,1,0,0,1
3,6126,4,0,1,0,0,1,0,0,0,0
3,6137,3,0,1,0,0,0,0,1,0,0
3,6157,4,1,0,0,0,0,0,0,0,0
3,6167,5,1,1,0,1,1,1,1,1,1
3,6178,3,0,0,0,0,0,0,0,0,0
3,6231,3,1,1,0,0,0,0,1,0,0
3,6232,3,1,1,0,1,1,0,1,0,0
3,6250,2,1,0,0,1,1,1,1,0,0
3,6255,5,1,0,0,1,1,1,1,1,1
3,6278,4,1,1,0,1,1,0,1,1,1
3,6283,5,1,1,1,1,1,1,1,1,1
3,6287,4,1,1,0,1,1,1,1,0,0
3,6304,4,1,1,1,1,1,1,1,1,1
3,6307,4,1,1,1,1,1,1,1,1,1
3,6396,2,1,0,0,1,1,1,0,1,0
3,6471,1,0,1,0,0,0,0,1,0,0
3,6513,4,1,1,1,1,1,1,1,1,1
3,6527,4,1,1,0,1,0,1,1,1,1
3,6581,3,1,0,0,0,0,0,1,0,0
3,6622,3,0,0,0,0,0,0,1,0,0
3,6630,2,0,0,0,1,1,1,1,0,0
3,6649,3,1,1,1,1,1,1,1,0,0
3,6670,4,1,0,1,0,1,1,1,1,0
3,6695,3,1,1,0,1,1,1,1,1,1
3,6730,4,0,0,0,0,0,0,0,0,0
3,6736,4,1,1,1,1,1,1,1,1,0
3,6889,3,0,1,0,0,0,0,1,0,0
3,6898,2,1,0,1,1,0,1,0,0,0
3,6931,4,1,0,1,0,1,1,0,1,1
3,6989,3,1,1,0,1,1,0,1,1,1
3,7026,4,1,1,0,1,1,0,1,1,1
3,7043,1,0,0,0,0,0,0,0,0,0
3,7057,3,1,1,1,1,1,1,0,1,0
3,7093,4,1,0,1,1,1,1,0,1,1
3,7128,3,0,0,0,0,0,0,0,0,0
3,7148,3,0,0,0,1,1,1,1,0,0
3,7166,1,0,0,0,0,0,0,1,0,0
3,7225,5,0,0,0,0,1,0,0,0,1
3,7359,4,1,1,0,0,1,1,0,1,0
3,7406,1,1,0,0,1,1,1,1,1,0
3,7410,4,1,1,0,1,1,1,1,1,1
3,7423,2,1,1,0,0,1,1,1,1,0
3,7444,2,1,1,1,1,1,1,1,1,1
3,7456,3,1,0,0,0,0,0,0,0,0
3,7466,1,0,1,0,0,0,0,0,0,0
3,7526,3,1,1,0,1,1,0,1,1,0
3,7622,4,1,1,0,1,1,1,1,1,1
3,7658,4,1,1,0,1,0,1,0,1,1
3,7665,3,0,0,0,0,0,0,0,0,0
3,7711,5,1,1,0,1,1,1,1,0,1
3,7774,3,0,0,0,1,1,1,1,0,1
3,7797,1,0,0,0,0,0,0,0,0,0
3,7805,3,0,0,0,0,0,0,0,0,0
3,7836,4,1,1,1,1,1,1,1,1,1
3,7837,3,1,0,0,1,1,1,1,0,0
3,7843,4,1,1,1,1,1,1,1,1,0
3,7909,4,1,1,0,1,0,1,0,1,0
3,7970,4,1,1,1,1,1,1,0,1,0
3,8026,4,1,1,1,1,1,1,1,1,1
3,8072,3,1,0,0,1,1,1,1,0,0
3,8074,4,1,0,1,1,1,1,1,1,0
3,8177,2,0,0,0,0,0,1,1,0,0
3,8193,1,0,1,0,1,0,0,1,1,0
3,8216,4,0,1,0,1,0,0,0,0,0
3,8252,3,1,1,0,1,1,1,1,1,0
3,8259,5,1,0,0,1,0,1,0,0,0
3,8311,2,0,0,0,0,0,0,0,0,0
3,8319,4,1,1,1,1,1,1,1,1,1
3,8331,5,1,1,1,1,1,1,1,1,1
3,8337,1,0,1,0,0,0,1,0,0,0
3,8366,4,1,1,1,1,1,1,1,1,1
3,8418,5,1,0,0,1,1,1,1,0,0
3,8461,4,1,0,0,1,1,1,1,1,1
3,8467,4,1,1,1,1,1,1,1,1,1
3,8539,4,0,1,1,1,1,1,1,1,0
3,8555,4,0,0,0,0,1,1,1,1,0
3,8591,4,1,0,1,1,1,1,1,1,0
3,8635,4,1,1,1,1,1,1,1,1,1
3,8667,3,0,1,0,0,0,0,1,0,0
3,8688,4,0,1,1,1,1,1,0,0,0
3,8693,4,1,1,0,0,1,0,1,1,0
3,8800,2,1,1,1,1,1,1,1,1,1
3,8806,1,0,1,1,1,0,0,0,1,0
3,8876,2,1,1,0,0,1,0,0,1,1
3,8913,3,1,0,0,0,0,0,1,0,0
3,8924,5,1,1,1,1,1,1,1,1,1
3,8955,1,0,0,0,0,0,0,0,0,0
3,8967,4,1,0,0,1,1,1,1,0,1
3,9044,2,1,0,0,1,1,1,1,1,0
3,9050,5,1,1,1,1,1,1,1,1,1
3,9058,3,0,0,0,0,0,1,1,1,0
3,9090,3,0,1,0,1,1,1,0,1,1
3,9097,3,1,1,0,1,1,1,1,1,1
3,9136,3,1,0,0,1,1,1,1,0,0
3,9144,5,1,0,1,1,1,1,1,1,1
3,9196,2,0,0,0,0,0,1,0,0,0
3,9225,3,1,1,1,1,1,1,1,0,1
3,9233,5,1,1,1,1,0,0,1,1,1
3,9286,2,1,0,1,1,1,0,0,0,0
3,9289,5,1,1,1,1,1,1,1,1,1
3,9314,1,1,1,0,1,1,1,1,1,1
3,9340,2,1,1,0,1,0,1,0,0,0
3,9353,4,1,0,0,0,0,0,1,1,0
3,9399,2,1,1,0,1,1,1,1,1,1
3,9497,3,1,1,0,0,1,1,1,1,0
3,9561,4,1,1,1,1,1,1,1,0,1
3,9616,3,0,1,0,1,0,0,1,0,0
3,9627,4,0,0,0,0,0,0,0,0,0
3,9633,4,1,0,0,1,0,1,0,0,0
3,9689,2,0,0,0,0,0,0,0,0,0
3,9732,4,0,0,0,1,1,0,1,1,0
3,9740,4,1,1,1,1,1,1,1,1,0
3,9741,4,1,1,1,1,0,1,1,1,0
3,9759,4,1,0,0,0,0,0,0,0,0
3,9845,3,1,1,0,1,1,1,0,0,0
3,9858,5,1,1,0,1,0,1,1,0,0
3,9872,2,1,1,0,1,0,0,1,0,0
3,9873,4,1,0,0,1,1,1,1,0,0
3,9880,4,1,1,0,1,1,0,0,1,0
3,9890,4,0,1,0,0,1,1,1,1,1
3,9897,3,1,1,0,1,0,0,1,1,0
3,9907,3,0,0,0,1,1,0,0,0,0
3,9968,4,1,1,0,1,0,0,1,0,0
3,9995,3,1,0,0,1,1,0,1,1,0
3,10046,5,1,1,1,1,1,1,1,1,1
3,10069,3,0,0,0,0,0,0,0,0,0
3,10083,4,1,1,1,1,1,1,1,1,1
3,10089,5,1,1,1,1,1,1,1,1,0
3,10187,4,1,0,0,0,1,1,1,1,0
3,10189,1,0,1,1,1,1,0,1,0,0
3,10223,1,1,1,1,1,1,1,0,1,1
3,10271,4,1,1,1,1,1,1,1,1,1
3,10305,4,1,1,1,1,1,1,1,1,1
3,10331,5,1,1,0,1,1,1,1,1,0
3,10343,5,1,1,1,1,1,1,0,1,0
3,10348,4,1,0,1,1,0,0,1,1,0
3,10373,5,1,1,0,0,0,0,0,1,0
3,10374,4,1,1,1,1,1,1,1,1,1
3,10429,3,1,1,1,1,1,1,1,1,1
3,10434,4,1,1,1,1,1,1,0,0,1
3,10440,3,1,1,0,0,0,0,1,0,0
3,10454,4,1,1,1,1,1,1,1,1,1
3,10459,5,0,0,0,0,0,0,0,0,0
3,10467,5,1,1,1,1,0,1,1,1,1
3,10535,3,0,0,0,1,0,0,1,1,0
3,10537,4,1,0,0,0,0,0,1,0,1
3,10561,4,0,0,0,1,1,1,1,1,0
3,10572,3,1,1,0,1,1,1,1,1,0
3,10585,3,1,1,0,1,1,0,1,1,0
3,10611,2,1,1,0,1,0,1,1,1,0
3,10631,3,0,0,0,1,1,0,1,1,0
3,10690,4,0,0,1,0,0,0,0,0,0
3,10716,2,1,0,0,0,0,0,0,0,0
3,10724,3,0,1,0,0,1,0,0,0,0
3,10761,3,1,1,1,1,1,1,1,1,1
3,10769,1,0,1,0,0,0,1,0,0,0
3,10770,2,0,0,0,0,0,0,1,0,0
3,10779,3,1,1,0,1,1,0,1,0,0
3,10843,1,1,1,1,1,1,1,0,1,1
3,10911,3,1,1,1,1,1,1,1,1,0
3,10935,1,0,0,1,0,1,1,1,0,0
3,10939,4,1,1,1,1,1,1,1,1,0
3,10941,5,1,1,0,1,0,1,1,1,1
3,10956,4,1,0,1,1,1,1,1,1,0
3,11039,5,0,0,0,1,0,0,0,0,0
3,11178,2,1,0,1,1,0,1,1,1,0
3,11287,1,1,0,0,0,0,0,0,0,0
3,11565,5,0,0,0,0,0,0,0,0,0
3,11574,5,0,1,0,1,1,1,1,0,1
3,11669,3,1,1,0,1,1,1,1,1,0
3,11670,5,1,1,1,1,1,1,1,1,1
3,11759,3,0,0,1,0,0,0,1,0,0
3,11769,2,0,0,0,0,0,0,0,0,0
3,11812,5,1,0,1,1,0,1,1,1,1
3,11821,3,0,0,0,0,0,0,0,0,0
3,11874,3,0,0,0,1,0,1,1,0,0
3,11975,3,1,0,0,1,1,1,1,0,1
3,11990,3,1,1,1,1,1,1,0,1,1
3,12073,3,1,1,0,1,1,1,1,1,1
3,12146,2,1,1,1,1,0,0,0,1,0
3,12167,1,1,1,0,0,0,0,1,0,0
3,12186,1,0,0,0,0,0,0,0,0,1
3,12190,5,1,0,0,1,0,0,1,0,0
3,12199,2,0,0,0,0,1,0,1,0,0
3,12205,3,1,1,0,1,1,1,1,1,0
3,12259,1,0,0,0,0,0,0,0,0,0
3,12333,3,1,1,0,0,0,1,1,1,0
3,12397,3,1,0,0,0,0,0,0,1,1
3,12400,2,1,1,1,1,1,1,1,1,1
3,12521,4,0,1,0,1,1,1,0,0,0
3,12739,3,0,0,0,0,0,0,0,0,0
3,12937,1,1,1,1,1,1,1,1,1,1
3,13003,5,1,0,0,0,1,0,1,1,0
3,13043,4,1,1,0,1,1,1,1,1,1
3,13052,4,1,0,0,1,1,1,1,0,0
3,13091,2,1,1,1,0,1,1,1,1,0
3,13103,3,1,1,1,1,1,1,1,1,0
3,13128,4,1,0,1,1,1,1,1,1,1
3,13170,5,1,1,0,0,1,1,1,1,1
3,13174,3,1,0,1,0,0,0,1,1,1
3,13195,4,0,0,0,0,0,0,0,0,0
3,13216,5,1,1,1,1,1,1,1,1,1
3,13260,5,1,1,0,1,1,1,1,1,0
3,13294,4,0,0,0,0,0,0,0,0,0
3,13298,4,1,1,1,1,1,1,1,1,0
3,13304,3,1,1,1,1,0,0,1,0,1
3,13329,4,1,1,1,1,1,1,1,1,0
3,13340,4,1,1,0,0,0,0,1,1,0
3,13343,5,1,1,0,1,1,1,1,1,0
3,13389,4,1,0,1,1,1,1,0,0,1
3,13425,3,0,0,0,0,0,0,0,0,0
3,13431,5,1,0,1,1,0,1,1,1,1
3,13452,3,1,1,1,1,1,0,1,0,1
3,13463,4,1,1,1,1,1,1,1,1,1
3,13466,5,1,1,1,1,1,1,1,1,0
3,13496,3,0,0,1,1,0,1,1,1,0
3,13510,3,1,1,1,1,1,0,0,1,0
3,13520,3,1,1,0,1,1,1,1,1,0
3,13595,2,1,1,1,1,1,1,1,1,1
3,13650,1,0,1,0,0,0,0,1,1,0
3,13669,3,1,1,0,1,0,1,1,1,0
3,13670,5,1,1,0,1,1,1,1,1,1
3,13673,4,0,0,0,0,0,0,1,0,0
3,13701,4,1,0,0,1,1,1,1,1,1
3,13784,3,1,0,1,0,1,1,1,0,0
3,13817,4,1,1,1,0,1,0,1,0,0
3,13844,3,0,0,0,0,1,0,0,0,0
3,13887,2,1,0,1,1,1,1,1,1,0
3,13921,5,0,1,0,1,1,1,0,1,1
3,13937,5,1,1,1,1,1,1,1,1,1
3,13959,4,1,1,1,1,1,1,1,1,1
3,13984,4,1,0,0,1,1,1,1,1,0
3,14000,3,1,1,1,1,1,1,1,1,1
3,14008,4,1,1,1,1,1,1,1,1,1
3,14018,5,0,1,0,0,0,0,0,0,0
3,14037,2,1,1,1,1,1,0,1,1,0
3,14135,4,1,1,1,1,1,1,1,1,1
3,14140,4,0,1,1,0,1,0,1,1,1
3,14153,5,1,1,1,1,1,1,1,1,1
3,14188,3,1,1,1,1,1,1,1,1,1
3,14202,5,1,1,0,0,1,1,1,1,0
3,14210,2,0,0,0,0,0,0,0,0,0
3,14213,4,1,1,1,1,1,1,1,1,1
3,14248,4,1,0,0,1,1,0,1,1,0
3,14286,4,1,1,0,0,1,1,1,1,0
3,14288,3,1,0,0,1,0,1,0,0,0
3,14301,3,0,0,0,0,0,0,0,0,1
3,14391,5,1,0,0,1,0,1,1,1,1
3,14430,5,1,1,0,0,0,0,0,0,0
3,14449,4,1,1,0,1,1,0,0,1,1
3,14474,3,0,1,1,0,1,1,0,1,1
3,14489,2,0,1,1,1,1,1,1,0,0
3,14547,2,1,1,0,1,1,1,1,1,0
3,14552,2,0,0,0,0,0,0,0,0,0
3,14590,4,1,0,0,0,0,1,1,1,0
3,14641,1,1,0,0,1,1,1,1,1,0
3,14729,2,0,0,0,0,1,0,1,0,0
3,14734,4,1,1,0,1,1,1,0,1,0
3,14736,2,1,1,1,1,1,1,1,1,1
3,14752,5,0,0,1,0,1,1,0,1,0
3,14757,2,0,0,0,1,0,0,0,0,0
3,14786,2,1,1,1,1,1,1,1,1,1
3,14797,3,1,0,0,1,0,0,1,0,0
3,14800,5,1,1,0,1,1,1,1,1,1
3,14818,1,0,1,0,0,1,1,0,0,0
3,14879,4,1,0,1,1,1,0,1,1,0
3,14941,1,1,1,1,0,1,1,1,0,0
3,14947,4,1,1,0,1,0,0,1,0,0
3,14978,2,0,0,0,0,0,0,1,0,0
3,15016,4,1,1,1,1,1,0,1,0,1
3,15126,4,1,1,1,1,1,1,1,1,1
3,15150,1,1,0,0,1,0,0,1,0,0
3,15157,2,1,1,1,1,1,1,1,1,1
3,15235,4,1,0,0,0,1,0,0,1,1
3,15339,5,1,0,0,0,1,0,1,0,1
3,15468,2,0,1,1,0,1,1,0,1,1
3,15473,1,0,1,0,0,0,0,1,0,0
3,15540,3,0,0,0,0,0,0,0,0,0
3,15554,5,1,1,1,1,1,1,1,1,1
3,15645,4,1,0,1,0,1,1,1,1,0
3,15722,4,0,0,1,0,1,0,0,1,1
3,15766,4,1,1,1,1,1,1,1,1,1
3,15830,2,0,1,0,1,0,1,1,0,0
3,15835,4,1,1,0,1,1,1,1,1,1
3,15836,4,1,0,1,1,1,0,1,1,1
3,15839,4,1,1,0,1,0,1,1,1,1
3,15867,2,1,0,1,1,1,0,0,1,0
3,15896,3,1,0,0,0,0,0,1,1,0
3,15916,2,1,1,1,1,1,1,1,1,1
3,15927,3,0,0,0,1,0,0,0,0,0
3,15936,5,1,1,0,0,0,0,0,0,1
3,15941,1,0,0,0,0,0,0,0,0,0
3,16019,3,1,1,0,1,1,1,1,1,0
3,16037,5,1,1,1,1,1,1,1,1,1
3,16077,4,0,0,0,1,1,1,1,0,0
3,16120,4,0,0,0,0,0,1,0,0,0
3,16255,4,1,0,0,1,1,1,1,0,0
3,16286,4,0,1,0,0,0,1,0,1,0
3,16381,2,1,1,0,1,1,1,1,1,0
3,16437,1,0,0,0,0,0,0,1,0,0
3,16567,1,0,0,0,0,0,0,0,0,0
3,16623,4,1,1,1,1,1,1,1,1,1
3,16639,2,0,0,0,0,1,0,1,0,0
3,16657,4,1,1,1,1,1,1,1,1,0
3,16763,5,1,1,0,1,1,1,1,1,0
3,16790,4,1,1,1,1,1,1,1,1,1
3,16837,3,0,1,1,1,0,1,1,0,0
3,16851,4,1,1,0,1,1,1,1,1,1
3,16892,4,1,1,1,1,1,0,1,1,0
3,16913,2,0,0,0,0,0,0,0,0,0
3,16919,4,1,1,1,1,0,1,1,1,1
3,17060,4,1,1,1,1,1,1,1,1,1
3,17156,4,1,1,0,1,1,1,1,1,0
3,17200,5,1,1,0,1,1,0,1,0,1
3,17217,3,0,0,0,0,0,1,1,1,0
3,17220,2,0,0,0,0,0,0,0,0,0
3,17340,3,0,0,0,0,1,0,0,0,0
3,17391,5,1,1,1,1,1,1,1,1,1
3,17409,4,1,1,0,1,0,0,1,1,0
3,17431,5,0,0,1,0,1,1,1,0,1
3,17610,4,1,1,1,1,1,1,1,1,1
3,17629,2,1,0,0,1,1,1,1,1,0
3,17716,3,0,1,1,1,1,1,1,1,0
3,17752,2,0,0,0,0,0,0,0,0,0
3,17795,3,1,1,1,0,0,0,1,1,1
3,17927,2,1,1,1,1,1,1,1,1,1
3,17954,1,0,1,0,0,0,0,0,0,0
3,17999,1,1,1,1,1,1,1,1,1,1
3,18088,4,1,0,0,0,1,0,1,0,0
4,97,3,0,1,0,0,0,0,1,0,0
4,98,3,0,1,0,0,0,0,1,0,0
4,158,3,1,0,1,1,0,0,1,0,0
4,309,2,0,1,0,1,0,1,0,0,0
4,316,4,0,0,0,0,0,0,0,0,0
4,364,4,1,1,0,1,1,1,1,1,1
4,369,5,1,1,1,1,1,1,0,1,1
4,391,5,1,0,0,0,1,1,0,1,0
4,474,4,1,1,1,1,0,1,1,1,1
4,540,5,1,1,1,1,1,0,1,1,0
4,648,3,0,0,1,0,0,0,1,0,0
4,734,5,1,1,1,1,0,1,1,1,0
4,860,3,0,1,0,1,1,1,0,0,0
4,896,2,0,0,0,0,0,0,0,0,0
4,968,4,1,1,1,1,1,1,1,1,0
4,1039,4,0,1,0,0,1,0,0,1,1
4,1065,5,1,1,0,1,1,0,0,1,1
4,1111,1,0,0,0,0,0,0,1,0,0
4,1113,4,1,1,1,1,1,1,0,1,1
4,1294,4,0,1,1,0,1,0,0,0,0
4,1529,5,1,0,1,1,1,0,1,0,0
4,1548,4,1,0,1,1,0,0,1,0,1
4,1585,4,1,0,1,1,1,0,0,1,0
4,1644,5,1,1,1,0,1,1,1,1,1
4,1701,2,0,1,1,1,1,0,1,0,0
4,1717,4,1,0,1,1,1,1,1,1,1
4,1822,3,0,0,0,1,0,0,0,0,0
4,1856,1,1,1,0,1,0,0,0,0,0
4,1935,5,1,1,1,1,1,1,1,1,0
4,1994,3,0,0,0,0,0,0,0,0,0
4,2012,3,0,0,0,0,0,0,0,0,0
4,2016,5,1,1,1,1,1,1,1,1,1
4,2186,1,1,0,0,1,1,1,1,1,1
4,2193,5,1,1,1,1,1,1,1,1,1
4,2200,1,0,0,0,0,0,0,1,0,0
4,2236,4,1,1,1,1,1,1,1,1,0
4,2240,5,0,1,0,1,0,1,0,0,0
4,2241,5,1,1,1,1,1,1,1,1,1
4,2253,1,0,0,0,0,0,0,0,0,1
4,2272,1,0,1,0,1,0,1,0,0,0
4,2275,3,1,0,1,1,1,0,1,1,0
4,2293,5,1,1,1,1,1,1,1,1,1
4,2298,4,0,1,0,0,0,0,1,0,0
4,2367,4,0,1,1,1,1,0,1,1,1
4,2412,4,0,0,0,0,0,0,0,0,0
4,2413,4,0,1,0,1,1,1,1,1,0
4,2443,4,0,1,1,1,1,0,1,0,1
4,2499,5,1,1,1,1,1,1,1,1,1
4,2573,2,0,1,1,1,0,0,1,0,0
4,2584,4,0,1,1,1,0,1,1,0,1
4,2646,2,0,0,0,1,1,0,0,0,0
4,2657,3,1,0,0,0,0,1,0,1,0
4,2673,3,1,0,1,1,0,1,0,0,0
4,2686,4,0,0,1,0,0,1,0,0,0
4,2693,4,0,1,1,1,0,1,1,0,0
4,2779,3,0,1,0,1,0,1,1,0,1
4,3050,4,1,1,0,1,1,1,1,1,1
4,3125,4,1,1,1,1,1,1,0,1,1
4,3154,5,0,1,1,0,0,1,1,1,0
4,3159,5,1,1,1,1,0,0,1,1,1
4,3161,4,1,1,1,1,1,1,1,1,1
4,3164,5,1,1,1,1,0,1,0,1,1
4,3166,1,0,0,0,0,0,0,0,0,0
4,3179,3,1,1,0,1,1,1,1,1,1
4,3187,2,0,1,1,1,0,0,1,0,1
4,3233,4,1,1,0,1,0,1,1,1,1
4,3296,3,0,0,0,1,0,1,1,0,0
4,3343,4,1,1,0,1,1,1,1,1,1
4,3366,4,1,0,1,0,1,1,1,1,0
4,3370,3,1,1,1,1,1,1,1,0,0
4,3489,4,0,1,0,0,0,0,0,0,0
4,3564,4,1,1,1,1,1,1,1,1,0
4,3707,3,0,1,1,1,0,0,1,1,1
4,3784,5,1,1,1,1,0,1,1,1,1
4,3812,3,0,0,0,1,0,1,1,0,0
4,3835,2,1,1,1,1,1,1,1,0,1
4,3852,1,1,1,1,1,1,0,1,0,1
4,3877,4,1,1,0,1,1,1,1,0,1
4,3892,4,0,1,0,0,1,0,0,0,0
4,3895,1,0,1,1,1,0,1,0,0,0
4,3918,4,0,0,0,0,0,0,0,0,0
4,3931,2,0,0,0,1,0,0,0,0,0
4,3948,5,1,1,1,1,1,1,1,1,1
4,4066,4,0,1,0,1,1,0,1,1,1
4,4093,5,1,1,1,1,1,1,1,1,1
4,4144,2,1,0,0,1,0,0,0,1,0
4,4309,4,1,0,0,1,1,1,1,0,1
4,4310,5,1,1,1,1,1,1,1,1,1
4,4425,4,1,1,0,1,1,1,1,1,0
4,4508,4,1,1,0,1,1,1,1,1,0
4,4511,2,0,0,0,0,0,0,0,0,0
4,4513,4,1,1,1,1,1,1,0,0,1
4,4558,3,0,1,0,0,0,0,1,1,0
4,4746,4,0,0,0,0,0,0,0,0,0
4,4909,5,0,0,0,1,1,1,1,1,0
4,4910,5,1,1,1,1,0,0,1,0,1
4,4924,5,0,0,0,0,1,0,1,0,1
4,4985,5,1,0,0,1,1,1,1,1,0
4,4988,4,0,0,1,0,1,0,1,1,0
4,5061,5,1,1,1,1,1,1,0,1,0
4,5090,5,1,1,1,1,1,1,1,1,0
4,5152,2,0,0,1,1,0,1,0,0,1
4,5215,4,0,0,0,0,0,0,1,0,0
4,5237,5,1,1,1,1,1,1,1,1,1
4,5279,1,0,0,0,0,0,0,0,0,0
4,5308,4,1,0,0,1,0,1,1,1,1
4,5421,3,1,1,1,0,1,0,1,0,0
4,5492,3,0,0,0,0,0,0,0,0,0
4,5707,4,1,1,1,1,1,1,1,1,1
4,5730,4,1,0,1,1,1,1,0,1,1
4,5745,5,1,1,1,1,1,1,0,1,1
4,5772,5,1,1,1,1,1,1,1,1,1
4,5793,3,0,1,0,1,0,1,0,1,1
4,5794,4,1,1,0,0,1,1,1,0,0
4,5810,2,0,1,0,1,0,0,0,0,1
4,5857,5,1,0,1,0,1,0,0,1,0
4,5887,4,1,1,1,1,1,1,1,1,0
4,5888,2,0,0,0,0,0,1,0,0,0
4,5927,5,0,1,1,1,1,0,0,0,0
4,5970,4,1,0,1,1,1,0,0,1,1
4,5982,3,0,0,0,0,0,0,1,1,0
4,5999,3,0,1,1,0,0,0,0,0,0
4,6037,2,0,0,0,0,0,0,0,0,0
4,6073,3,1,1,1,1,1,0,1,1,0
4,6160,5,1,1,1,1,1,0,0,0,0
4,6277,4,1,1,1,1,1,1,1,1,0
4,6287,3,0,0,0,0,0,0,0,0,0
4,6323,2,0,0,0,0,0,0,0,0,0
4,6370,3,0,1,1,1,1,1,1,0,1
4,6414,4,1,0,0,0,1,0,0,1,0
4,6417,4,0,0,1,0,0,0,0,1,0
4,6421,4,0,0,0,0,0,0,0,0,0
4,6431,4,0,1,1,1,0,1,0,1,1
4,6460,4,0,0,0,0,0,1,0,0,0
4,6471,5,1,1,1,1,1,1,1,1,0
4,6477,3,1,1,0,1,1,0,1,1,1
4,6581,4,1,1,0,1,1,1,1,1,1
4,6621,4,0,1,1,1,0,0,0,1,0
4,6632,3,1,0,0,0,0,0,0,0,0
4,6649,5,1,0,1,1,1,1,1,1,1
4,6670,4,0,1,0,1,0,1,0,0,1
4,6736,4,0,1,1,1,1,0,1,0,0
4,6841,3,0,0,0,0,0,0,0,1,0
4,6889,4,1,0,0,1,1,0,0,1,1
4,6906,3,1,0,0,0,1,0,1,1,0
4,6931,4,0,1,1,1,0,0,1,0,1
4,6989,1,0,0,1,0,0,1,0,0,0
4,7043,5,1,1,1,1,1,1,1,1,1
4,7057,3,1,1,0,1,0,0,0,1,0
4,7093,4,1,1,1,1,0,1,1,0,0
4,7128,3,0,0,0,0,0,0,0,0,0
4,7148,4,0,0,0,1,1,1,1,0,0
4,7166,3,1,1,1,1,1,1,0,1,1
4,7221,4,1,1,0,1,1,0,1,0,1
4,7347,4,1,1,1,1,1,1,1,1,1
4,7423,3,1,0,1,0,1,1,1,1,0
4,7444,2,1,1,1,1,1,1,0,1,1
4,7450,3,0,1,0,0,1,1,0,0,0
4,7466,1,0,0,0,0,0,0,1,0,0
4,7525,2,0,0,0,1,0,0,0,0,0
4,7552,4,1,1,1,1,1,1,1,1,1
4,7622,4,0,1,1,1,1,1,0,1,1
4,7658,4,0,0,0,0,0,1,0,1,0
4,7660,4,0,1,0,0,0,0,1,0,1
4,7711,4,0,1,0,0,0,0,0,0,0
4,7734,5,0,1,0,1,1,0,0,0,0
4,7774,3,0,1,1,1,0,0,0,0,1
4,7836,4,0,1,1,1,1,1,1,1,1
4,7837,3,0,1,1,0,0,0,0,0,0
4,7843,4,0,1,1,0,0,0,0,0,0
4,7857,4,1,0,0,0,1,1,1,0,0
4,7885,2,0,0,0,0,0,0,0,0,0
4,7909,3,0,1,1,1,0,0,1,1,0
4,7925,3,0,1,1,1,0,1,1,0,0
4,7931,3,0,0,0,1,0,1,0,0,1
4,8072,4,1,0,1,1,0,1,1,1,0
4,8074,2,0,1,0,0,1,0,0,0,0
4,8193,3,0,1,0,1,0,0,1,1,0
4,8216,3,0,1,1,1,0,0,1,0,0
4,8245,4,0,0,1,1,0,0,0,0,0
4,8250,3,0,1,1,1,0,0,1,1,1
4,8259,3,0,0,0,0,0,0,0,0,0
4,8331,5,1,1,1,1,1,1,1,1,0
4,8337,3,1,1,0,1,0,1,1,1,0
4,8349,5,1,1,1,1,1,1,1,1,1
4,8384,3,1,1,0,1,1,0,1,1,0
4,8418,5,1,1,1,1,1,1,1,1,1
4,8461,4,1,1,0,0,0,0,0,0,0
4,8635,4,0,0,0,0,0,0,0,0,0
4,8651,3,1,0,0,0,0,0,0,1,0
4,8656,2,1,0,0,0,0,1,0,0,0
4,8667,3,0,0,0,0,0,1,0,0,0
4,8688,4,1,0,0,0,0,0,0,0,1
4,8721,4,0,0,0,0,0,0,0,0,0
4,8909,4,1,1,1,0,1,0,1,1,1
4,9058,4,0,0,0,0,1,0,0,0,0
4,9099,1,0,0,0,0,0,0,0,0,0
4,9136,3,1,1,1,1,1,1,0,1,0
4,9171,5,1,1,1,0,0,1,0,1,1
4,9192,4,1,0,1,1,1,0,1,1,1
4,9196,4,1,0,0,0,0,0,0,0,0
4,9212,3,0,1,1,1,0,1,0,0,0
4,9233,5,1,1,1,1,0,0,0,0,1
4,9251,4,1,1,0,0,0,0,0,0,0
4,9314,2,0,0,1,1,1,1,0,1,1
4,9347,4,0,0,0,0,0,0,0,0,1
4,9399,2,1,1,1,1,0,1,0,0,0
4,9431,4,0,1,0,0,0,0,1,0,0
4,9434,4,1,1,1,1,1,1,1,1,1
4,9497,4,1,1,1,1,1,0,1,1,0
4,9627,4,1,1,1,1,1,1,1,1,1
4,9633,3,0,0,0,1,0,0,0,0,0
4,9638,4,1,1,1,1,1,1,1,0,1
4,9703,3,1,1,1,1,1,1,1,1,1
4,9706,5,1,1,1,1,1,1,1,1,0
4,9732,5,1,1,1,1,1,1,1,1,1
4,9740,3,0,1,0,0,0,0,1,0,0
4,9782,5,1,1,1,1,1,1,1,1,1
4,9845,4,1,1,1,1,1,1,0,1,0
4,9873,4,1,1,0,1,1,0,1,0,0
4,9880,5,0,1,0,0,0,0,0,0,0
4,9883,1,0,0,0,1,0,0,1,0,0
4,9937,4,1,1,1,1,0,1,1,1,1
4,9942,4,1,1,0,1,0,0,1,0,0
4,9943,3,0,1,1,1,0,0,0,0,0
4,9968,4,0,1,0,0,0,0,0,0,0
4,9977,1,1,1,1,0,0,1,0,0,0
4,9996,2,0,1,1,1,1,1,1,1,1
4,10020,5,1,1,1,1,0,1,1,1,1
4,10042,3,0,0,0,0,0,0,1,0,0
4,10069,3,0,1,0,0,0,0,0,0,0
4,10089,5,1,1,1,1,1,1,1,1,1
4,10106,4,1,1,1,1,1,1,1,1,1
4,10148,4,1,0,1,1,0,0,1,0,1
4,10187,4,0,0,0,0,0,0,0,0,0
4,10189,4,0,1,1,1,1,1,1,0,1
4,10238,4,1,1,1,1,1,1,1,1,1
4,10243,4,0,1,1,1,0,0,0,0,0
4,10305,4,0,0,0,0,0,0,0,0,0
4,10320,5,1,0,1,1,1,1,1,1,1
4,10374,4,1,1,1,1,1,1,1,1,1
4,10440,4,1,1,1,0,1,1,0,1,0
4,10459,4,0,0,0,0,0,0,0,0,0
4,10561,5,1,1,1,1,1,1,0,1,0
4,10619,3,1,1,0,0,0,0,0,0,0
4,10631,4,1,1,0,1,1,1,1,1,0
4,10690,3,1,0,1,1,1,1,1,1,1
4,10711,1,0,1,0,0,0,0,0,0,0
4,10724,3,0,0,1,0,0,0,1,0,0
4,10769,2,0,1,0,0,0,1,0,0,0
4,10770,4,1,0,0,0,0,0,1,1,0
4,10779,4,0,0,0,0,0,0,0,1,0
4,10825,3,0,0,0,0,0,0,0,0,0
4,10872,3,1,0,0,1,0,0,0,0,0
4,10911,2,0,0,0,0,0,0,0,0,0
4,10941,5,0,0,1,1,1,1,0,1,1
4,11016,3,1,0,1,1,0,0,1,1,1
4,11039,5,1,1,1,0,0,0,1,1,0
4,11121,3,0,1,0,1,0,0,1,1,0
4,11135,2,1,0,1,1,0,1,0,1,0
4,11178,2,0,0,1,0,0,0,1,0,0
4,11249,3,0,1,0,1,0,0,1,1,1
4,11287,2,0,0,0,0,0,0,0,0,0
4,11303,3,1,1,1,1,1,1,1,1,1
4,11378,4,1,1,0,0,1,1,1,0,1
4,11472,2,0,1,1,1,1,1,1,1,1
4,11617,4,1,1,1,1,1,0,0,1,1
4,11621,3,0,0,0,0,0,0,0,0,0
4,11652,3,1,1,1,1,1,1,1,1,1
4,11687,4,1,1,0,1,1,1,1,1,0
4,11798,4,1,1,1,1,1,0,1,1,1
4,11835,4,0,1,1,1,1,1,1,0,0
4,11975,4,1,0,0,1,1,0,0,0,1
4,11990,1,0,0,0,1,0,0,0,0,0
4,12156,4,1,1,1,1,1,1,1,1,1
4,12165,4,1,1,0,1,0,1,1,0,0
4,12167,4,1,1,0,1,0,0,0,1,0
4,12186,4,0,0,1,1,1,0,0,0,1
4,12190,2,0,0,0,1,0,0,0,0,0
4,12205,3,0,1,1,1,0,1,1,0,0
4,12259,4,0,1,1,0,0,0,0,0,0
4,12333,4,1,1,1,0,1,1,1,1,1
4,12365,4,0,0,0,0,0,0,0,0,0
4,12400,3,1,1,1,1,1,0,0,1,1
4,12439,4,0,0,1,1,1,1,0,1,1
4,12815,4,1,0,0,1,0,0,0,0,0
4,12987,4,1,0,1,0,1,0,1,0,1
4,13003,5,0,0,0,1,1,0,1,1,0
4,13128,5,1,0,0,1,0,0,1,0,1
4,13170,1,0,0,0,1,0,1,0,0,0
4,13174,4,0,1,0,0,0,1,0,1,0
4,13221,3,0,0,0,0,0,0,0,0,0
4,13226,5,1,1,1,1,1,1,0,1,1
4,13260,4,0,1,0,1,0,1,1,0,0
4,13261,3,1,0,0,0,0,0,1,1,0
4,13294,4,0,0,0,0,0,0,0,0,0
4,13298,5,1,0,1,1,1,0,1,0,0
4,13343,4,1,0,0,0,0,0,0,0,0
4,13388,4,0,1,0,0,1,0,1,0,0
4,13466,5,1,0,1,1,0,0,0,1,1
4,13496,3,1,1,0,0,1,0,0,0,1
4,13545,5,0,0,0,0,0,0,0,0,0
4,13573,3,1,1,1,1,1,1,1,1,0
4,13631,1,0,1,0,0,0,0,0,0,0
4,13669,3,0,0,0,0,0,1,0,0,0
4,13674,5,1,1,1,1,1,1,0,1,1
4,13701,3,1,1,0,0,0,0,1,0,0
4,13715,4,0,0,0,0,0,0,0,0,0
4,13754,4,1,1,1,1,1,1,1,1,1
4,13784,3,0,0,0,0,0,1,0,0,0
4,13909,5,1,1,1,1,1,1,1,1,0
4,13921,5,0,1,0,1,1,0,1,1,1
4,14018,5,1,0,1,1,1,1,1,1,1
4,14037,2,0,0,1,0,0,0,1,0,0
4,14059,3,1,0,0,1,1,0,1,1,1
4,14141,5,0,1,1,1,1,1,1,1,1
4,14153,2,0,0,0,0,0,0,0,0,0
4,14197,4,1,1,0,0,1,1,1,1,0
4,14202,5,1,1,1,1,1,1,1,1,1
4,14205,1,1,1,1,1,1,1,1,1,1
4,14210,2,0,0,0,1,0,0,1,0,0
4,14286,4,0,0,0,0,0,0,0,0,0
4,14301,4,1,1,0,1,0,0,1,1,0
4,14319,5,1,1,0,1,0,1,0,1,0
4,14430,5,0,0,1,1,1,1,1,1,1
4,14462,5,1,1,0,1,1,1,1,0,1
4,14488,4,0,1,0,1,0,1,0,0,0
4,14489,4,0,1,1,1,1,1,1,0,0
4,14547,3,1,0,0,0,0,0,1,0,0
4,14616,3,0,0,0,0,1,1,0,0,0
4,14641,5,1,0,0,1,1,0,0,0,0
4,14752,5,1,1,0,1,0,0,1,0,1
4,14757,1,0,0,1,0,0,0,0,0,0
4,14771,5,0,0,0,0,1,0,1,0,0
4,14842,1,0,0,0,0,0,0,0,0,0
4,14941,2,0,0,0,0,0,0,0,0,0
4,14978,4,0,0,0,1,0,0,1,0,1
4,15023,5,0,1,0,0,0,1,1,0,0
4,15054,3,1,1,0,1,1,1,1,0,1
4,15071,3,1,1,1,1,0,1,1,1,1
4,15119,5,0,1,0,0,0,0,0,1,0
4,15126,4,1,1,1,1,1,1,1,1,1
4,15135,4,1,1,1,1,1,0,0,0,1
4,15150,1,0,0,0,1,0,0,0,0,0
4,15157,3,1,1,1,1,1,1,1,1,1
4,15235,4,1,1,1,1,0,0,1,1,1
4,15339,4,0,1,1,1,0,1,0,1,0
4,15391,5,1,0,0,1,0,1,0,0,0
4,15487,5,1,1,0,1,1,1,1,1,1
4,15554,4,0,0,0,0,0,0,0,0,0
4,15570,2,0,0,0,0,0,0,1,0,0
4,15697,5,0,0,0,0,0,0,0,0,0
4,15772,4,0,1,0,0,0,1,1,0,0
4,15830,5,1,1,1,1,0,1,0,1,1
4,15835,3,0,1,0,0,0,0,1,0,1
4,15867,2,1,1,0,1,1,1,1,1,0
4,15917,4,0,0,0,0,0,0,0,0,0
4,15926,5,1,0,1,0,0,0,0,0,1
4,15927,5,0,1,0,1,0,1,0,1,0
4,15971,5,1,1,1,1,1,1,1,1,1
4,16019,4,1,1,0,1,0,0,1,1,0
4,16022,1,0,1,0,0,0,1,0,0,0
4,16077,5,0,0,0,1,0,0,0,1,0
4,16138,3,1,0,1,1,1,1,1,1,0
4,16148,4,1,1,1,1,0,0,0,0,1
4,16149,2,0,0,0,0,0,0,0,0,0
4,16154,3,1,0,0,0,0,0,0,0,0
4,16255,4,0,0,1,1,0,1,0,0,0
4,16286,5,1,0,1,1,1,0,1,0,0
4,16405,3,0,1,1,0,0,0,1,0,0
4,16437,1,0,0,0,0,0,0,1,0,0
4,16461,3,0,1,1,0,0,0,0,0,1
4,16508,3,1,1,1,1,1,1,0,0,1
4,16567,1,1,1,1,1,1,1,1,1,0
4,16598,3,1,0,0,1,0,1,0,1,1
4,16639,5,1,1,1,1,0,1,1,1,1
4,16680,1,0,0,0,0,0,0,0,0,0
4,16730,4,1,1,1,1,1,1,1,0,0
4,16761,3,0,0,1,0,0,0,0,0,0
4,16804,4,1,1,1,1,1,1,1,0,1
4,16837,4,0,0,0,0,0,0,0,1,1
4,16877,2,1,0,0,0,1,0,1,0,1
4,16892,3,1,1,0,1,1,1,0,0,0
4,16922,3,0,1,0,0,0,0,0,0,0
4,17060,3,0,1,0,0,0,1,0,0,0
4,17200,4,0,0,0,0,0,0,0,0,0
4,17285,2,0,1,0,1,1,1,1,0,0
4,17358,4,0,1,0,1,1,1,1,0,0
4,17385,3,1,0,0,0,0,1,1,0,0
4,17387,4,1,1,1,0,0,0,1,1,0
4,17409,4,0,0,0,1,0,0,0,0,0
4,17431,5,1,1,1,1,1,1,1,1,1
4,17629,3,0,1,1,1,1,1,1,1,0
4,17716,4,1,1,1,1,0,1,0,1,1
4,17795,4,0,0,0,1,1,1,1,0,1
4,17800,3,0,0,1,1,1,0,1,0,1
4,17808,3,1,0,1,1,0,1,1,1,0
4,17964,3,1,1,1,1,1,1,0,1,0
4,17982,5,1,1,1,1,1,1,1,1,1
4,17999,2,0,0,1,1,1,0,1,1,1
5,158,3,1,1,0,0,0,0,1,0,0
5,197,2,0,0,0,0,0,0,0,0,0
5,317,3,0,0,1,1,0,1,0,1,1
5,395,4,1,1,0,1,1,0,1,1,0
5,586,3,1,1,1,1,1,0,1,1,0
5,624,3,1,1,0,1,1,1,1,1,1
5,896,1,0,0,0,0,0,0,0,0,0
5,934,3,1,1,0,1,1,1,1,1,1
5,968,3,1,1,0,1,1,0,0,1,0
5,978,3,1,0,0,0,0,0,0,0,0
5,1002,1,0,0,0,0,0,0,0,0,0
5,1039,5,1,0,0,0,0,1,0,1,0
5,1041,5,0,1,0,0,0,0,1,1,1
5,1073,3,1,0,0,1,1,0,0,0,1
5,1087,5,1,0,0,1,1,1,1,1,0
5,1102,4,1,1,1,1,1,1,1,1,1
5,1111,1,1,1,0,1,0,0,1,0,0
5,1166,2,0,1,0,1,0,0,1,0,1
5,1278,3,1,0,0,1,0,0,0,0,0
5,1551,3,1,0,0,0,1,0,0,0,0
5,1554,3,1,1,0,1,1,1,1,1,0
5,1594,1,0,0,0,0,0,1,0,0,0
5,1644,4,0,0,0,1,0,0,0,0,0
5,1701,4,1,1,1,1,1,0,1,1,0
5,1717,4,1,0,0,0,0,0,0,0,0
5,1741,2,1,1,1,0,0,1,1,1,0
5,1836,1,1,0,0,1,0,0,1,1,0
5,1871,3,1,1,1,1,1,1,1,0,1
5,1938,4,1,0,0,1,1,0,1,1,0
5,2001,2,1,0,0,1,1,0,0,1,1
5,2133,1,0,0,0,0,0,0,0,0,0
5,2154,3,0,0,0,0,0,0,0,0,0
5,2193,4,0,0,0,0,0,0,0,0,0
5,2295,1,0,0,0,0,0,0,0,0,0
5,2298,1,0,0,0,0,0,0,1,0,0
5,2434,3,1,0,0,0,0,0,1,0,0
5,2443,4,1,1,1,1,1,0,1,0,1
5,2527,5,0,0,0,0,0,0,0,0,0
5,2686,4,0,0,0,1,0,0,0,0,0
5,2733,2,0,0,0,1,0,0,1,0,0
5,2910,5,1,1,0,1,1,1,1,1,1
5,2967,2,0,0,0,0,0,0,0,0,0
5,2970,3,0,0,0,0,0,0,1,0,0
5,2993,3,1,1,0,1,1,1,0,1,1
5,3031,3,1,1,1,1,1,1,1,1,1
5,3042,4,0,0,0,1,0,1,0,0,0
5,3128,3,1,0,0,1,0,1,1,1,0
5,3134,3,0,0,0,0,0,0,0,0,0
5,3154,5,0,0,0,0,0,0,0,1,0
5,3230,3,0,0,0,0,0,0,0,0,0
5,3290,3,0,0,0,0,0,0,0,0,0
5,3296,3,0,0,0,1,0,1,1,0,0
5,3431,4,0,0,0,1,0,0,1,0,0
5,3447,4,0,0,0,0,1,0,1,0,0
5,3489,4,1,0,0,1,1,1,0,0,0
5,3766,2,1,0,0,1,0,1,1,1,1
5,3811,3,0,0,1,0,0,0,0,0,0
5,3838,4,1,0,1,0,0,1,1,1,0
5,3951,4,1,1,1,1,1,1,1,1,1
5,3978,4,1,1,1,1,1,0,1,1,0
5,4117,3,1,0,0,1,0,0,1,1,0
5,4223,2,0,1,0,0,0,0,0,0,0
5,4286,4,1,0,0,1,0,0,1,0,0
5,4747,3,0,0,0,0,0,0,0,0,0
5,4844,4,1,1,1,1,0,0,0,0,0
5,4910,5,1,1,1,0,1,1,1,1,0
5,4942,5,1,1,0,0,1,1,0,1,0
5,4973,5,1,1,1,1,1,1,1,1,1
5,5098,4,0,0,0,1,1,0,1,0,0
5,5215,4,0,0,0,0,0,0,1,1,0
5,5262,5,0,0,0,1,0,1,1,1,0
5,5279,1,0,0,0,0,0,0,0,0,0
5,5358,3,1,0,1,1,1,1,1,0,0
5,5378,4,0,0,0,0,0,0,0,0,0
5,5462,4,1,1,0,1,1,1,1,1,0
5,5612,2,0,1,0,0,0,0,0,0,0
5,5714,5,1,1,1,1,1,1,1,1,1
5,5730,1,0,1,0,0,0,0,1,0,0
5,5854,2,0,0,0,0,0,0,0,1,0
5,5887,4,1,1,1,1,1,1,1,1,0
5,5888,4,1,1,1,1,1,0,0,0,1
5,5971,3,1,1,0,1,0,0,1,1,0
5,5973,4,1,0,0,0,0,0,0,0,0
5,5999,3,0,0,0,0,0,0,0,0,0
5,6036,2,0,0,0,0,0,0,1,0,0
5,6041,4,0,0,0,0,0,0,0,0,0
5,6102,3,0,0,0,0,0,0,0,0,0
5,6126,3,0,0,0,0,1,0,0,0,0
5,6255,4,1,0,0,1,0,0,0,0,0
5,6496,3,0,0,1,0,1,1,1,1,1
5,6527,4,1,1,0,1,0,1,1,1,1
5,6581,3,0,0,0,0,0,0,0,0,0
5,6841,4,1,0,0,0,0,1,0,0,0
5,6860,3,1,1,1,1,1,1,1,1,1
5,6898,2,1,0,0,0,0,0,1,0,0
5,6954,4,1,1,1,1,1,1,1,1,1
5,7026,4,0,0,0,0,0,0,0,0,0
5,7043,1,0,0,0,0,0,0,0,0,0
5,7128,3,0,0,0,0,0,0,0,0,0
5,7166,1,0,0,0,0,0,0,0,0,0
5,7225,4,1,1,1,1,0,0,0,1,1
5,7285,2,0,0,0,0,0,0,1,0,0
5,7311,4,1,0,0,0,0,0,0,0,0
5,7347,4,0,0,0,0,0,0,0,0,0
5,7410,4,1,1,0,1,1,1,1,1,1
5,7423,2,0,1,0,0,1,0,1,0,0
5,7526,4,1,1,1,1,1,1,1,1,0
5,7537,4,0,0,0,0,0,0,0,0,0
5,7552,3,0,0,0,0,0,0,1,0,0
5,7638,3,1,1,0,1,1,1,0,1,1
5,7646,2,0,0,0,0,0,0,0,0,0
5,7658,4,0,0,1,0,0,0,0,1,0
5,7797,4,0,0,0,0,0,0,0,0,0
5,7837,2,0,0,0,0,0,0,1,0,0
5,7843,4,0,0,0,0,0,0,1,0,0
5,7885,3,0,1,0,0,1,0,0,0,0
5,8072,4,0,0,0,1,1,1,1,0,0
5,8145,5,0,1,0,0,0,0,0,0,0
5,8171,5,0,0,0,0,0,0,0,0,0
5,8245,5,1,0,0,1,0,0,0,1,0
5,8259,3,0,0,0,0,0,0,0,0,0
5,8311,2,0,0,0,0,0,0,0,0,0
5,8327,4,1,0,0,0,0,0,0,0,0
5,8467,3,1,1,0,1,0,0,1,0,0
5,8656,2,0,0,0,0,0,0,0,0,0
5,8728,2,0,0,0,0,0,0,0,0,0
5,8731,3,1,1,1,1,1,1,1,1,1
5,8790,4,1,0,0,1,0,0,0,0,0
5,8878,3,1,1,0,1,0,1,0,0,0
5,8909,4,0,0,0,1,0,0,1,0,1
5,8913,3,1,0,0,0,0,0,1,0,0
5,9058,4,0,0,0,0,0,0,0,0,0
5,9097,4,1,0,0,1,0,0,1,1,1
5,9099,5,1,0,0,1,0,1,1,1,1
5,9136,3,1,0,0,1,0,1,0,0,0
5,9212,2,0,0,0,1,0,0,0,0,0
5,9251,4,0,0,0,1,1,1,0,1,1
5,9320,3,0,0,0,0,0,0,0,0,0
5,9652,2,0,0,0,0,0,0,1,0,0
5,9732,4,1,0,0,1,1,0,1,1,0
5,9759,4,1,0,0,0,0,0,0,0,0
5,9833,3,0,0,0,0,0,0,0,0,0
5,9873,3,0,0,0,0,1,0,0,0,0
5,9874,1,0,0,0,1,0,1,0,0,0
5,9880,4,0,1,0,1,0,0,0,1,0
5,9883,1,1,1,0,1,0,0,1,0,0
5,9931,3,1,1,0,0,1,0,1,0,0
5,10042,3,0,0,0,0,0,0,0,0,0
5,10148,4,1,0,0,1,0,1,1,0,1
5,10305,4,0,0,0,0,0,0,0,0,0
5,10327,4,0,0,1,0,0,1,1,1,1
5,10343,5,1,0,0,1,0,0,0,0,0
5,10535,2,0,0,0,1,0,0,1,1,0
5,10585,3,0,1,0,1,0,0,0,0,0
5,10654,4,1,1,0,1,1,0,0,1,1
5,10706,3,0,1,0,1,0,0,0,0,0
5,10710,5,1,1,1,1,1,1,1,1,1
5,10711,4,0,0,0,0,0,0,0,0,0
5,10843,1,0,0,0,0,0,0,0,0,0
5,10918,4,0,1,1,1,1,1,1,1,1
5,11006,3,0,0,0,0,0,0,1,0,0
5,11039,5,0,0,0,0,0,1,1,0,1
5,11135,2,1,1,1,0,1,1,1,0,0
5,11178,2,1,0,0,0,0,0,0,1,0
5,11198,4,1,1,0,1,1,0,1,1,1
5,11364,5,1,0,0,1,1,0,1,0,0
5,11385,5,1,0,1,1,0,0,1,0,1
5,11404,1,0,0,0,0,0,0,0,0,0
5,11513,4,1,1,0,1,0,0,1,1,0
5,11574,3,0,1,0,1,1,1,1,0,1
5,11669,3,0,0,0,0,1,0,1,0,0
5,11670,4,0,0,0,1,0,0,0,0,0
5,11759,4,1,1,0,0,0,1,0,1,0
5,11874,2,0,0,0,0,0,0,1,0,0
5,11975,4,1,0,0,1,1,0,0,0,1
5,12015,5,0,0,0,0,0,0,0,0,0
5,12156,4,1,1,1,1,1,1,1,1,1
5,12190,4,0,0,0,0,0,0,1,0,0
5,12200,1,0,0,0,0,0,0,0,0,0
5,12205,3,1,1,1,1,0,0,1,1,0
5,12259,1,0,0,0,0,0,0,0,0,0
5,12333,2,1,1,0,1,0,1,1,1,1
5,12439,5,0,0,1,1,1,0,1,0,0
5,12786,5,1,1,0,0,0,1,1,0,1
5,13043,4,1,1,0,1,0,1,1,1,1
5,13221,3,0,0,0,0,0,0,0,0,0
5,13260,2,0,1,0,1,1,1,1,0,0
5,13294,4,0,0,0,0,0,0,0,0,0
5,13314,5,0,0,0,0,0,0,0,0,0
5,13431,5,0,0,1,0,1,0,1,1,1
5,13545,5,1,1,1,1,1,1,1,1,1
5,13595,2,0,0,0,0,0,0,0,0,0
5,14000,3,0,0,0,0,0,0,0,0,0
5,14018,4,0,0,0,0,0,0,0,0,0
5,14019,4,0,0,0,0,0,0,0,0,0
5,14210,2,0,0,0,0,0,0,0,0,0
5,14288,2,1,1,1,0,1,0,0,0,1
5,14420,2,1,1,1,1,1,1,1,1,1
5,14448,1,1,1,0,1,0,1,1,1,0
5,14449,4,1,1,0,1,1,0,0,1,1
5,14552,3,0,0,0,0,0,0,0,0,0
5,14641,1,1,0,0,1,0,0,0,0,0
5,14734,2,0,0,0,1,0,1,1,1,0
5,14736,4,0,0,0,0,0,0,0,0,0
5,14752,1,1,1,1,1,1,1,1,1,1
5,14800,5,1,1,0,1,0,0,1,0,1
5,14842,5,1,0,0,1,1,1,1,0,0
5,14879,2,1,0,0,0,1,0,1,0,0
5,14941,2,0,0,0,0,0,0,0,1,0
5,14968,5,1,0,0,1,1,1,1,1,0
5,15023,5,0,0,0,0,0,0,1,1,0
5,15054,3,1,0,0,0,0,1,1,0,1
5,15119,5,0,0,1,0,0,1,1,1,0
5,15150,1,0,0,0,1,0,0,1,0,0
5,15238,5,0,0,0,0,0,0,0,0,0
5,15264,3,0,0,0,0,0,0,0,0,0
5,15554,3,0,0,0,0,0,0,0,0,0
5,15673,4,1,1,1,1,1,1,1,1,1
5,15722,5,0,0,0,1,0,0,1,0,0
5,15790,3,0,0,0,0,0,0,0,0,0
5,15867,2,1,0,0,1,0,0,0,0,0
5,15916,4,1,1,1,1,1,1,0,1,1
5,15922,5,1,0,1,1,1,1,1,1,0
5,15927,3,1,0,1,0,1,0,0,0,1
5,15935,4,1,1,0,1,0,0,0,1,1
5,15941,3,0,0,0,0,0,0,0,0,0
5,16022,3,1,0,1,0,1,0,0,0,0
5,16148,4,1,1,0,1,1,1,1,0,0
5,16149,2,1,0,0,0,0,0,1,0,0
5,16255,3,1,0,0,1,1,1,1,0,0
5,16257,3,0,0,0,0,0,0,1,0,0
5,16461,3,0,0,0,0,0,0,0,0,0
5,16582,4,1,1,1,1,1,1,1,1,1
5,16639,4,0,0,0,0,0,0,1,0,0
5,16657,2,0,0,0,0,0,0,0,0,0
5,16730,1,0,0,0,1,0,0,0,0,0
5,16790,4,0,0,0,0,0,0,0,0,0
5,16820,5,1,1,1,1,1,1,1,1,1
5,16922,4,1,1,0,0,0,0,0,0,0
5,17047,2,0,1,0,0,0,0,1,1,1
5,17060,4,0,1,0,0,0,1,1,0,0
5,17220,2,0,0,0,0,0,0,0,0,0
5,17348,1,0,0,0,0,0,0,0,0,0
5,17391,4,1,1,0,1,1,1,1,1,1
5,17409,4,1,1,0,1,0,0,1,1,0
5,17410,3,0,0,0,0,0,0,0,0,0
5,17730,3,1,1,0,1,0,0,1,0,0
5,17795,3,0,0,0,1,0,0,0,0,1
5,17808,3,1,0,0,1,1,1,1,1,0
5,17984,3,1,1,0,1,0,1,0,0,0
5,18073,2,0,0,0,0,0,0,0,0,0
6,179,5,0,0,0,0,0,0,0,0,1
6,197,2,0,0,0,0,0,0,1,0,0
6,199,2,1,1,1,0,1,1,1,1,1
6,309,2,1,1,0,1,0,1,0,1,0
6,316,5,0,0,0,0,0,0,0,0,0
6,329,3,0,0,1,0,0,0,0,0,0
6,391,5,0,0,0,0,0,0,0,0,0
6,397,4,1,0,0,0,1,1,1,1,0
6,520,4,1,0,0,0,0,0,0,0,0
6,586,3,1,1,0,0,0,0,0,1,0
6,613,4,1,1,0,1,0,1,1,1,0
6,648,3,0,0,0,0,0,0,0,0,0
6,860,3,1,1,0,1,1,1,1,1,0
6,896,1,0,0,0,0,0,0,1,0,0
6,912,5,1,1,0,0,1,1,1,0,0
6,978,4,1,0,0,0,0,0,1,0,0
6,987,5,1,1,1,0,1,1,1,1,1
6,1053,5,1,1,1,1,1,1,1,1,1
6,1065,5,1,0,0,1,1,0,1,1,1
6,1073,4,1,1,1,1,1,1,0,1,1
6,1111,1,1,0,0,0,0,0,1,0,0
6,1190,4,0,1,0,1,1,1,1,0,0
6,1585,4,0,0,0,1,1,0,1,0,0
6,1701,4,1,1,1,1,1,0,1,1,0
6,1717,4,1,0,0,0,0,0,0,0,0
6,1788,5,1,1,0,0,1,1,0,1,1
6,1796,5,1,1,0,1,0,0,1,1,0
6,1836,5,1,0,0,1,0,0,1,1,0
6,1856,1,1,0,0,0,0,0,0,1,0
6,1938,1,1,0,1,0,0,0,0,1,0
6,2001,3,1,0,0,0,1,1,1,1,1
6,2111,3,0,0,0,0,0,0,0,0,0
6,2133,4,1,1,1,1,1,1,1,1,1
6,2154,3,1,0,0,0,0,0,0,0,0
6,2193,4,0,0,0,0,0,0,1,0,0
6,2200,5,1,0,0,0,1,0,0,1,0
6,2240,5,1,1,0,1,0,1,1,1,0
6,2275,2,0,0,0,0,0,0,0,0,0
6,2295,1,0,0,0,0,0,0,0,0,0
6,2297,2,0,1,0,1,0,1,1,0,0
6,2298,1,0,0,0,0,0,0,1,0,0
6,2412,3,0,0,0,0,0,0,0,0,0
6,2413,4,1,0,0,1,0,1,1,1,0
6,2434,3,1,0,0,0,0,0,1,0,0
6,2441,4,0,1,0,0,0,1,1,1,0
6,2443,4,0,1,1,1,1,0,1,0,1
6,2620,4,1,1,1,1,1,1,1,1,0
6,2779,5,1,1,1,1,1,1,0,1,1
6,2910,5,1,1,0,1,0,1,0,1,0
6,2967,3,0,0,0,0,0,0,0,0,0
6,2968,4,0,0,0,0,0,0,0,0,0
6,2970,2,1,1,0,0,1,1,1,1,1
6,2993,3,1,1,0,1,1,1,0,1,1
6,3090,3,0,1,0,0,0,0,0,0,0
6,3103,4,1,0,0,0,0,0,0,0,0
6,3107,5,1,0,0,1,0,0,1,0,0
6,3116,4,1,1,0,0,1,1,0,1,0
6,3128,3,1,0,0,1,0,1,1,1,0
6,3134,3,0,0,0,0,0,0,0,0,0
6,3154,5,1,0,0,0,0,0,0,1,0
6,3187,3,1,1,0,1,0,1,1,0,1
6,3230,3,0,0,0,0,0,0,0,0,0
6,3233,4,1,1,1,1,1,1,1,1,1
6,3290,3,0,0,0,1,0,0,1,0,0
6,3291,5,0,1,0,0,0,1,0,0,0
6,3343,3,1,0,0,0,0,0,1,0,0
6,3431,4,1,1,0,1,1,1,1,1,1
6,3654,5,0,0,1,0,0,0,0,0,0
6,3812,4,1,1,0,1,0,1,1,1,1
6,3842,4,1,0,0,0,0,1,1,1,1
6,3877,3,0,0,0,1,0,0,0,0,0
6,3993,2,0,0,0,1,0,1,0,0,0
6,4093,5,0,0,0,0,0,0,0,0,0
6,4144,1,1,0,0,1,1,1,1,1,0
6,4558,4,1,0,1,0,1,0,1,1,0
6,4747,4,0,0,0,0,0,0,0,0,0
6,4973,5,1,1,1,1,1,1,1,1,1
6,4988,4,0,1,1,0,1,0,0,0,0
6,5039,4,1,1,0,1,0,1,0,1,1
6,5061,4,1,1,0,0,0,1,0,1,0
6,5215,3,1,1,1,1,1,1,1,1,0
6,5279,3,1,1,0,1,1,1,1,1,0
6,5358,3,1,0,1,1,1,1,1,0,0
6,5437,5,1,1,1,0,0,0,0,0,0
6,5462,4,1,1,0,1,1,1,1,1,0
6,5612,2,1,1,0,0,0,1,0,0,0
6,5790,3,1,1,0,0,0,0,0,0,0
6,5793,2,1,0,0,1,0,0,1,1,0
6,5811,4,1,1,1,1,0,1,0,1,1
6,5854,3,1,0,0,0,1,0,0,1,0
6,5857,2,0,0,0,0,0,0,1,0,0
6,5876,3,1,1,0,1,0,1,1,1,1
6,5927,5,1,0,0,0,0,0,0,0,0
6,5974,5,1,1,1,1,1,0,1,1,0
6,5999,5,1,1,0,0,0,0,1,0,0
6,6126,4,0,1,1,0,1,1,1,1,1
6,6174,4,0,0,0,0,0,0,0,0,0
6,6178,3,1,1,1,1,0,1,1,1,0
6,6232,3,1,1,0,1,0,0,1,0,0
6,6250,2,0,0,0,0,0,0,0,0,0
6,6255,5,1,1,1,1,1,1,0,0,1
6,6307,4,1,1,1,1,1,1,1,1,1
6,6477,3,0,0,1,0,0,1,1,0,1
6,6496,3,1,0,0,1,1,0,0,1,1
6,6636,2,0,0,0,0,0,0,0,1,0
6,6730,4,0,0,0,0,0,0,0,0,0
6,6841,4,0,1,0,0,0,0,0,0,1
6,6976,4,1,1,1,1,1,1,1,1,0
6,7026,3,0,0,0,0,0,0,0,0,0
6,7057,3,1,1,0,1,0,1,0,1,0
6,7128,3,0,0,0,0,0,0,0,0,0
6,7221,3,0,0,0,0,0,1,0,0,0
6,7285,3,0,0,0,0,0,0,0,0,0
6,7311,4,1,0,0,0,0,0,0,0,0
6,7347,4,0,0,0,0,0,0,0,0,0
6,7444,3,0,0,0,0,0,0,0,0,1
6,7450,3,0,0,0,0,0,0,0,0,0
6,7526,4,1,1,0,1,0,0,1,1,0
6,7622,4,1,1,0,1,1,1,0,1,1
6,7646,5,1,1,1,1,1,1,1,1,1
6,7665,3,0,0,0,0,0,0,0,0,0
6,7730,4,1,1,1,1,0,1,1,1,0
6,7797,5,1,1,0,1,1,1,1,1,1
6,7837,2,0,0,0,1,1,0,0,0,0
6,7885,3,0,0,0,0,0,0,0,0,0
6,8145,5,1,1,1,0,0,0,0,0,0
6,8171,5,1,1,0,1,1,1,1,1,0
6,8177,4,1,1,0,0,0,1,1,0,0
6,8259,5,1,1,1,1,1,1,1,1,1
6,8327,4,1,0,0,0,1,0,0,0,0
6,8407,1,1,1,0,1,0,1,1,1,0
6,8589,2,1,1,0,1,0,1,1,0,1
6,8635,4,1,1,1,1,1,1,1,1,1
6,8651,3,0,0,0,1,0,0,0,0,0
6,8721,4,0,0,0,0,0,0,0,0,0
6,8806,2,0,1,0,0,1,1,1,0,0
6,8878,3,1,1,1,1,1,1,0,1,0
6,8967,3,1,0,0,1,0,0,0,0,1
6,9090,3,0,0,0,1,0,0,0,1,1
6,9097,4,1,1,0,1,0,0,1,1,1
6,9136,3,1,0,0,1,1,1,1,1,0
6,9171,2,1,0,0,1,1,1,1,1,0
6,9192,4,0,0,0,0,0,0,1,0,0
6,9314,2,0,0,0,1,1,1,0,1,1
6,9347,3,0,0,1,1,0,0,0,0,0
6,9782,4,1,1,1,1,1,1,1,1,1
6,9833,3,1,1,1,1,1,1,1,1,1
6,9874,1,0,0,0,1,0,1,0,0,0
6,9883,1,1,0,0,1,0,1,1,0,0
6,9931,1,1,1,0,0,1,1,0,0,0
6,9943,3,1,1,0,1,1,1,1,1,0
6,9996,2,1,0,0,0,0,0,0,0,0
6,10042,3,0,0,0,0,1,0,0,0,0
6,10148,4,1,0,0,1,0,1,1,1,1
6,10305,5,0,0,0,0,0,0,0,0,0
6,10331,3,1,0,0,1,0,0,1,0,0
6,10343,5,1,1,0,1,0,0,0,1,0
6,10359,3,1,0,1,1,0,0,1,0,0
6,10429,4,0,0,1,0,0,0,0,0,0
6,10519,4,1,0,0,0,1,0,0,0,0
6,10535,2,0,0,0,1,0,0,1,1,0
6,10561,5,0,0,0,1,0,0,1,1,0
6,10572,3,0,0,1,0,0,0,0,0,0
6,10585,3,1,1,0,1,1,1,1,0,0
6,10619,2,0,0,1,0,1,0,1,1,1
6,10706,3,1,1,0,1,1,0,1,1,0
6,10711,4,0,0,0,0,0,0,0,0,0
6,10724,3,0,0,0,0,0,1,0,0,0
6,10761,3,0,0,0,0,0,0,0,0,0
6,10939,4,1,1,1,1,1,1,1,1,0
6,11006,3,0,0,0,0,0,0,1,0,0
6,11178,2,1,0,0,0,0,0,0,0,0
6,11198,4,1,1,1,1,0,0,1,1,1
6,11385,5,1,1,0,1,1,1,1,1,1
6,11404,1,0,0,0,0,0,0,0,0,0
6,11574,5,1,1,1,1,1,1,0,1,1
6,11621,3,1,0,0,0,0,0,0,0,0
6,11821,3,0,0,0,0,0,0,0,0,0
6,11874,4,1,1,0,1,1,1,1,1,0
6,12015,5,0,0,0,0,0,0,0,0,0
6,12156,4,1,1,1,1,1,1,1,1,1
6,12205,3,1,1,0,1,1,1,1,1,1
6,12252,3,1,0,0,1,0,0,0,0,0
6,12365,4,0,0,0,0,0,0,0,0,0
6,12397,3,1,0,0,0,1,0,1,1,1
6,12739,3,0,0,0,0,0,0,0,0,0
6,12960,5,0,0,0,0,1,0,0,0,0
6,13003,5,0,0,0,0,1,0,1,1,0
6,13008,4,0,0,0,0,0,0,0,0,0
6,13174,4,1,1,0,0,1,1,1,1,1
6,13198,4,1,1,0,1,0,1,1,1,1
6,13221,3,0,1,1,0,1,0,1,0,1
6,13294,4,0,0,0,0,0,0,0,0,0
6,13304,4,1,1,0,0,0,0,0,0,1
6,13314,4,0,0,0,0,0,0,0,0,0
6,13343,4,1,0,0,1,1,0,0,0,0
6,13545,5,0,0,0,0,0,0,0,0,0
6,13595,2,0,0,0,0,0,0,0,0,0
6,13631,1,1,0,0,0,0,0,0,0,0
6,13650,1,1,0,1,0,0,1,0,0,0
6,13817,3,1,0,0,0,1,0,0,0,0
6,13844,3,0,1,0,1,0,0,0,0,1
6,13887,2,0,0,0,0,0,0,0,0,0
6,13907,5,1,0,1,0,1,0,0,0,0
6,13984,4,1,0,0,1,1,1,1,1,0
6,14000,3,0,0,0,0,1,0,1,0,0
6,14136,4,1,1,1,1,1,1,1,1,1
6,14141,3,0,0,0,0,0,0,0,1,0
6,14188,3,1,1,1,1,1,1,1,1,1
6,14248,3,1,0,0,0,0,0,1,0,0
6,14319,5,1,1,0,1,0,1,0,1,1
6,14462,5,1,0,0,0,0,1,1,0,0
6,14552,4,0,0,0,1,0,0,0,0,1
6,14641,1,1,0,0,1,1,1,1,1,0
6,14734,2,0,0,0,1,0,1,1,1,0
6,14797,3,0,0,0,0,0,0,1,0,0
6,14842,5,1,1,0,0,1,1,1,0,1
6,14968,5,1,0,1,1,1,1,1,1,1
6,15023,5,1,0,0,1,1,0,1,1,1
6,15054,4,1,1,1,1,1,1,1,1,1
6,15126,4,1,1,1,1,1,1,1,1,1
6,15150,1,1,0,0,1,0,0,1,0,0
6,15170,4,1,0,0,0,1,1,1,1,0
6,15238,5,0,0,0,0,0,0,0,0,0
6,15264,3,0,0,0,0,1,1,0,0,0
6,15468,4,1,0,1,1,0,1,1,1,0
6,15473,1,0,0,0,0,0,0,1,0,0
6,15478,4,0,0,0,0,0,0,0,0,1
6,15487,5,1,1,0,1,1,1,1,1,1
6,15673,4,1,1,1,1,1,1,1,1,1
6,15835,4,0,1,0,0,0,0,0,0,1
6,15839,5,1,1,0,1,0,1,1,1,1
6,15914,5,0,1,0,0,1,0,0,0,0
6,15916,4,1,0,1,1,1,0,1,1,1
6,15927,3,1,1,1,1,1,1,1,1,1
6,15933,4,0,0,1,0,1,0,1,0,1
6,15936,5,1,1,1,1,0,0,1,0,1
6,15941,4,1,1,1,1,1,1,1,1,1
6,16148,4,0,1,0,1,1,0,0,0,0
6,16257,3,1,0,0,0,0,0,0,0,0
6,16307,4,1,1,1,1,1,1,1,0,1
6,16437,2,0,0,0,0,0,0,1,1,0
6,16461,2,0,0,0,1,1,1,1,1,0
6,16602,3,1,0,0,0,0,0,1,1,1
6,16657,4,1,0,0,1,0,1,0,0,0
6,16763,5,1,0,0,0,0,0,1,0,0
6,16790,4,0,0,0,0,0,0,0,0,0
6,16820,5,1,1,1,1,1,1,1,0,1
6,16877,4,0,1,1,1,1,1,0,0,1
6,16922,4,0,1,0,0,0,0,0,0,0
6,17220,4,1,1,1,1,1,1,1,1,1
6,17303,3,0,0,0,0,0,1,0,0,0
6,17348,5,1,1,1,1,1,1,1,1,1
6,17409,4,1,1,1,1,0,1,1,1,0
6,17795,3,1,1,1,1,1,0,1,1,0
6,17800,4,1,0,0,1,1,0,1,1,1
6,17808,3,1,0,0,1,1,1,1,1,0
6,17893,4,0,0,1,1,0,1,1,0,1
6,17954,1,0,0,0,0,0,0,0,0,0
6,17982,5,1,1,0,1,0,1,1,1,1
6,17984,4,1,1,0,1,0,1,0,0,0
6,18073,2,0,0,0,0,1,1,0,0,0
7,317,1,0,0,1,0,0,0,1,0,0
7,1039,5,1,1,1,0,0,1,1,0,0
7,1551,3,0,1,1,0,0,1,0,0,1
7,1836,1,1,0,0,1,0,0,1,1,0
7,1871,3,0,0,0,0,0,0,0,0,0
7,2001,3,1,0,1,1,1,1,0,1,0
7,2527,3,0,0,0,0,0,0,0,0,0
7,2634,3,0,0,0,0,0,0,0,0,0
7,2657,3,0,0,0,0,1,0,0,0,0
7,2733,3,0,1,0,1,0,1,1,0,0
7,3103,2,0,0,0,0,0,0,0,0,0
7,3187,4,0,1,0,1,0,1,1,0,1
7,3607,5,0,0,0,0,0,0,0,1,0
7,3838,2,0,1,0,0,0,0,1,1,0
7,3842,4,0,1,0,1,0,0,1,0,1
7,4151,3,0,0,0,0,0,0,0,0,0
7,4513,4,0,0,0,0,0,0,0,0,0
7,4909,3,0,0,1,0,1,0,0,0,0
7,4942,5,0,1,1,1,1,0,0,1,1
7,5361,5,1,1,1,1,1,1,1,1,1
7,5793,5,0,1,1,1,0,1,0,1,1
7,6037,2,0,0,0,0,0,0,0,0,0
7,6041,4,0,1,1,0,0,0,0,0,0
7,6102,3,0,0,0,0,0,0,0,0,0
7,6290,3,0,0,0,0,0,0,0,0,0
7,6860,3,1,0,1,1,1,1,1,1,1
7,6889,4,1,0,1,0,0,1,0,0,0
7,6954,4,1,1,1,1,1,1,1,1,1
7,6976,2,0,0,0,0,0,1,0,0,0
7,7638,3,0,0,0,1,0,0,0,0,0
7,8250,3,0,1,1,0,0,0,0,0,1
7,8327,3,1,0,1,0,0,0,0,0,0
7,8461,2,0,0,0,0,0,0,0,0,0
7,8728,2,0,0,0,0,0,0,0,0,0
7,9197,4,0,1,1,1,0,1,0,0,0
7,9931,4,1,1,1,1,1,1,1,0,1
7,10654,4,0,0,0,0,0,0,0,0,0
7,10710,5,0,0,1,1,0,1,1,1,1
7,10711,4,0,1,0,0,0,0,0,0,0
7,11016,3,1,0,0,0,1,1,0,1,1
7,11513,4,1,1,0,1,0,0,0,1,0
7,11874,1,0,0,1,0,0,0,0,0,0
7,13214,5,0,1,1,1,0,1,1,0,0
7,13701,4,1,0,1,1,1,0,0,0,0
7,13754,4,1,1,1,1,1,1,1,1,1
7,14059,1,0,0,0,0,0,0,0,0,0
7,14288,3,0,0,0,0,0,0,1,1,0
7,14301,3,0,0,1,1,1,1,1,0,1
7,14462,5,1,1,1,1,1,1,0,1,1
7,14552,4,1,0,1,0,0,0,1,1,0
7,14734,4,1,1,1,1,1,1,0,1,1
7,14797,3,0,0,0,0,0,0,0,0,0
7,14879,3,0,1,0,0,0,0,0,0,0
7,15023,3,0,1,1,0,0,1,0,0,0
7,15238,1,0,0,0,0,0,0,0,0,0
7,15391,4,0,0,1,0,1,0,1,0,0
7,15570,2,0,0,0,0,0,0,0,0,0
7,15803,2,0,0,0,0,0,0,0,0,0
7,15917,3,0,0,0,0,0,0,0,0,0
7,15922,4,1,1,0,0,0,1,1,0,1
7,15927,3,1,1,1,0,1,1,1,1,1
7,15936,4,0,0,1,0,1,1,1,1,0
7,16022,4,0,0,0,1,0,0,0,1,0
7,16206,2,0,0,1,1,1,0,0,0,0
7,16228,5,0,0,0,1,0,0,0,1,0
7,16516,1,0,0,0,0,0,0,0,0,0
7,17348,1,0,0,0,0,0,0,0,0,0
7,17795,3,0,0,1,0,0,0,0,1,0
7,17800,2,0,0,1,1,1,0,1,0,1
8,152,5,0,0,0,0,1,0,0,0,0
8,395,1,1,1,0,1,0,0,0,0,0
8,968,2,0,0,0,0,0,0,0,0,0
8,1550,5,0,0,0,0,0,0,0,0,0
8,1788,4,0,0,1,0,0,0,1,0,0
8,1871,3,0,0,0,0,0,0,0,0,0
8,2001,3,1,0,0,1,1,1,1,1,1
8,2241,5,0,1,0,0,0,0,0,0,0
8,2657,3,0,1,0,0,0,0,1,0,0
8,3187,2,0,1,1,1,0,0,1,0,1
8,3343,4,1,1,0,1,1,1,0,1,1
8,3838,2,0,1,1,0,0,0,1,1,0
8,4117,3,0,0,0,0,0,0,0,0,0
8,4942,5,0,1,0,0,1,0,1,1,1
8,5262,5,1,1,1,0,0,0,0,0,1
8,5810,3,0,0,0,0,0,0,0,0,0
8,6290,3,0,0,0,0,0,0,0,0,0
8,6860,3,1,1,1,1,1,1,1,1,1
8,6954,4,1,1,1,1,1,1,1,1,1
8,7450,3,0,0,0,0,0,0,0,0,0
8,7638,2,0,0,0,1,0,0,0,0,0
8,8349,5,0,0,0,0,0,0,1,1,1
8,8635,4,1,1,1,1,1,1,1,1,1
8,9058,4,1,0,1,1,0,0,0,0,1
8,9099,5,0,0,0,0,0,0,0,0,0
8,9197,4,0,1,1,1,0,1,0,0,0
8,9320,1,0,0,0,0,0,0,0,0,0
8,9996,2,1,1,1,1,1,1,1,1,1
8,10327,2,1,1,0,1,1,0,0,0,1
8,10690,3,0,0,0,0,0,0,0,0,0
8,10710,5,0,0,1,1,0,1,1,1,1
8,11121,3,1,0,1,0,1,1,0,1,0
8,12165,2,0,0,0,0,0,0,0,0,0
8,12167,2,0,0,0,0,0,0,0,0,0
8,13198,4,0,0,1,1,1,0,0,0,0
8,13214,5,0,1,1,1,0,1,0,0,0
8,13844,2,0,0,0,0,0,0,0,0,0
8,14420,5,1,1,1,1,1,1,1,1,1
8,14729,3,0,0,0,0,0,1,0,0,0
8,15135,3,0,0,0,0,0,0,0,0,0
8,15235,3,0,0,0,1,0,1,0,0,0
8,15790,3,0,0,0,0,0,0,0,0,0
8,15803,1,0,0,1,0,0,0,0,0,0
8,15936,4,1,1,0,1,0,1,0,1,1
8,15939,5,1,0,1,1,0,0,1,1,1
8,16138,1,0,1,0,0,0,0,0,0,1
8,16206,3,0,0,1,1,1,0,0,0,0
8,16516,1,0,0,0,0,0,0,0,0,0
8,16877,4,0,0,0,1,0,1,1,0,0
8,16892,2,0,0,0,0,1,0,0,0,0
8,17893,5,0,0,0,0,0,0,0,0,0
9,179,5,0,1,0,1,1,0,0,1,0
9,197,2,0,1,1,0,0,0,0,0,0
9,316,5,0,0,0,0,0,0,0,0,0
9,391,5,0,0,0,1,0,0,1,0,0
9,395,1,1,1,0,1,0,0,1,0,0
9,520,3,0,1,1,0,1,0,0,0,1
9,540,4,1,0,0,0,0,1,0,0,1
9,596,3,0,0,0,0,0,0,1,0,0
9,648,3,1,1,0,1,0,1,0,0,1
9,896,1,0,0,0,0,0,0,0,0,0
9,968,4,1,1,0,1,0,0,0,0,0
9,1002,1,0,0,0,0,0,0,0,0,0
9,1039,5,0,0,0,1,1,0,1,0,0
9,1041,3,0,0,0,0,0,0,0,0,1
9,1111,1,1,1,0,0,0,0,1,0,0
9,1550,5,0,0,0,0,0,0,0,0,0
9,1551,3,0,0,0,0,0,0,0,1,0
9,1594,1,1,0,1,1,1,0,1,0,0
9,1621,5,1,0,0,1,0,0,1,1,1
9,1739,3,0,0,0,0,0,0,1,0,0
9,1796,5,1,1,0,0,0,0,1,1,0
9,1836,5,1,0,0,1,0,0,1,1,0
9,2001,3,1,0,0,0,1,0,1,1,0
9,2111,3,0,0,0,0,0,0,0,0,0
9,2133,1,0,0,0,0,0,0,0,0,0
9,2193,4,0,0,0,0,0,0,0,0,0
9,2200,3,1,0,0,0,0,0,0,0,0
9,2236,3,0,0,0,0,0,0,0,1,0
9,2240,2,0,0,0,0,0,0,0,0,0
9,2241,3,1,0,0,0,0,0,0,0,0
9,2527,5,0,0,0,0,0,0,0,0,0
9,2657,3,0,0,0,1,0,0,0,0,0
9,2779,4,1,0,1,1,1,1,0,1,1
9,2793,5,1,1,1,1,1,1,1,1,1
9,2910,5,0,0,0,0,0,1,0,0,0
9,2968,4,0,0,0,0,0,0,0,0,0
9,3042,4,0,0,0,1,0,1,0,0,0
9,3050,4,1,1,0,1,1,0,1,1,0
9,3159,3,1,0,0,0,0,1,1,0,1
9,3233,4,1,1,0,1,0,1,1,1,1
9,3291,4,0,0,0,0,0,0,0,0,0
9,3296,3,0,0,0,1,0,1,1,0,0
9,3358,4,0,1,1,0,1,0,0,0,0
9,3431,4,0,1,0,0,1,1,0,1,0
9,3447,5,1,0,0,0,0,0,0,1,0
9,3654,5,1,0,0,0,0,0,0,0,0
9,3671,1,0,0,0,0,0,0,0,0,0
9,3877,4,0,0,0,1,0,0,0,0,0
9,3892,4,1,0,0,1,0,0,1,0,0
9,3978,4,0,0,0,0,0,0,1,0,0
9,4117,3,1,0,0,1,0,0,1,0,0
9,4437,3,1,1,0,1,1,1,1,1,1
9,4894,4,0,0,0,0,0,0,0,0,0
9,4942,5,0,1,0,0,1,0,1,1,0
9,4973,5,1,1,1,1,1,1,1,1,1
9,5279,3,0,0,0,0,0,0,0,0,0
9,5462,4,1,1,0,1,1,1,1,1,0
9,5550,4,0,1,0,1,0,0,1,0,1
9,5784,3,1,1,1,1,1,1,1,1,1
9,5811,3,1,0,0,1,1,0,0,0,1
9,5876,3,1,0,0,1,0,0,0,0,0
9,5910,4,1,1,0,1,1,0,1,1,1
9,5971,3,1,1,0,1,0,0,1,1,0
9,5982,3,1,0,0,1,0,0,0,1,0
9,6036,2,0,0,0,0,0,0,0,0,0
9,6041,4,1,0,0,0,0,0,0,0,0
9,6102,4,0,0,0,0,0,0,0,0,0
9,6137,3,0,1,0,0,0,0,1,0,0
9,6145,4,1,0,0,1,1,1,0,1,0
9,6167,5,1,1,1,1,0,0,1,0,0
9,6178,3,0,0,1,1,1,0,0,0,0
9,6255,5,1,0,0,1,0,0,0,1,0
9,6277,3,0,1,0,0,0,0,0,0,0
9,6287,4,0,0,0,0,0,0,0,1,0
9,6370,2,1,1,1,1,1,0,1,1,1
9,6496,4,1,0,0,1,1,1,0,0,1
9,6632,4,0,0,0,0,0,0,0,0,0
9,6670,2,0,0,0,0,0,0,0,0,0
9,6730,4,0,0,0,0,0,0,0,0,0
9,6860,3,1,1,1,1,1,1,1,1,1
9,6954,4,1,1,1,1,1,1,1,1,1
9,7207,2,1,1,1,1,1,1,1,1,1
9,7311,3,0,0,0,0,0,0,0,0,0
9,7410,3,1,1,1,1,1,0,1,0,0
9,7444,3,1,1,0,1,1,1,1,1,0
9,7537,4,0,0,0,0,0,0,0,0,0
9,7638,2,1,0,0,1,0,0,0,0,0
9,7646,4,0,0,0,0,0,1,0,0,0
9,7658,4,0,0,0,0,0,0,0,0,1
9,7730,4,1,1,1,1,0,1,1,1,0
9,7734,5,0,0,0,0,0,0,1,1,0
9,7857,4,1,0,0,0,0,1,0,0,0
9,8074,2,0,0,0,0,1,0,0,0,0
9,8171,5,0,1,0,0,0,1,1,0,0
9,8245,5,1,0,0,1,0,0,0,0,0
9,8250,4,1,1,1,0,0,0,0,0,1
9,8252,3,1,1,0,1,1,1,1,1,0
9,8366,4,1,1,1,1,1,1,1,1,1
9,8538,4,0,1,1,0,1,1,1,1,1
9,8667,4,1,1,1,1,1,1,1,1,1
9,8728,2,0,0,0,0,0,0,0,0,0
9,8790,2,1,1,0,1,0,0,0,0,0
9,8967,2,0,0,0,1,0,0,0,0,1
9,9171,2,1,0,0,1,0,0,1,0,0
9,9251,4,0,0,1,0,0,0,0,0,0
9,9320,3,0,0,0,0,0,0,0,0,0
9,9380,3,1,1,1,1,1,1,0,1,0
9,9383,4,1,1,1,0,0,0,0,0,1
9,9434,4,0,0,0,0,0,0,0,0,0
9,9497,3,0,0,0,0,0,0,1,0,0
9,9689,4,1,1,0,1,0,1,1,1,1
9,9706,5,1,1,1,1,1,1,0,1,0
9,9732,3,0,0,0,1,0,0,1,1,0
9,9782,4,1,1,0,1,0,1,1,1,1
9,9833,4,0,0,0,0,0,0,0,0,0
9,9873,2,0,0,0,0,0,0,0,0,0
9,9931,4,0,1,0,0,0,1,1,1,1
9,9995,3,1,0,0,1,0,0,0,1,0
9,10020,5,1,1,0,1,0,1,0,1,1
9,10069,3,0,0,0,0,0,0,0,0,0
9,10165,2,1,1,1,1,1,1,1,1,1
9,10187,4,1,1,0,1,0,0,1,1,0
9,10243,4,1,0,0,1,1,1,0,0,0
9,10259,1,0,0,0,0,0,0,0,0,0
9,10271,4,1,0,0,1,0,1,0,0,0
9,10459,3,0,0,0,0,0,0,0,0,0
9,10461,3,1,0,0,0,1,1,1,0,1
9,10611,2,1,1,0,1,0,1,1,0,0
9,10631,3,0,0,0,1,0,0,1,1,0
9,10653,5,0,0,0,0,0,1,1,1,0
9,10654,4,0,0,0,0,0,0,0,1,0
9,10706,3,1,1,0,1,1,0,0,0,0
9,10710,5,1,1,1,1,1,1,1,1,1
9,10769,4,1,1,1,1,0,1,0,1,1
9,10939,4,1,1,1,1,1,1,1,1,0
9,11006,3,0,0,0,0,0,0,1,0,0
9,11198,5,1,1,0,1,0,0,1,1,1
9,11364,5,1,0,0,1,0,0,1,0,0
9,11378,4,0,0,0,1,0,0,0,1,0
9,11404,1,0,0,0,0,0,0,0,0,0
9,11513,2,0,0,0,0,0,0,0,0,0
9,11621,3,0,0,0,0,0,0,0,0,0
9,11670,2,1,0,0,1,0,0,1,0,0
9,11703,5,0,1,0,1,0,1,1,1,0
9,11798,4,1,1,0,0,1,1,0,0,0
9,12015,5,0,0,0,0,0,0,0,0,0
9,12091,3,1,0,0,1,0,0,1,0,0
9,12186,3,1,0,0,0,1,1,0,0,0
9,12199,1,0,0,0,0,0,0,0,0,0
9,12431,4,0,0,0,0,0,0,0,1,1
9,13091,2,1,1,1,0,1,1,1,1,0
9,13214,4,0,1,0,0,1,1,1,0,0
9,13216,2,0,0,0,0,0,0,0,0,0
9,13260,4,1,1,0,1,1,1,1,1,0
9,13298,3,1,0,0,0,0,0,0,1,0
9,13304,2,0,0,0,0,0,0,0,0,0
9,13314,4,1,1,0,0,1,1,0,0,0
9,13425,3,0,0,0,0,0,0,0,0,0
9,13431,4,0,0,1,0,1,0,0,1,1
9,13631,1,0,0,0,0,0,0,0,0,0
9,13673,2,0,0,0,0,0,0,1,0,0
9,13699,4,1,1,0,0,1,1,1,1,0
9,13701,3,0,0,0,0,0,0,0,0,0
9,13817,4,0,0,0,0,1,0,0,0,0
9,13887,3,0,1,0,0,0,0,0,0,0
9,13907,3,1,1,0,0,0,0,0,0,0
9,14008,2,1,1,1,1,0,0,1,1,0
9,14019,3,0,0,0,0,0,0,0,0,0
9,14059,2,0,0,0,0,0,0,0,0,0
9,14140,4,1,1,1,1,1,1,1,1,1
9,14248,3,1,0,0,0,0,0,1,0,0
9,14301,3,0,1,0,0,1,1,0,0,0
9,14420,1,0,0,0,0,0,0,0,0,0
9,14448,4,1,1,0,1,0,1,1,1,0
9,14465,4,0,1,1,1,1,0,1,0,0
9,14552,4,0,1,0,0,1,1,0,0,0
9,14818,1,0,1,0,0,1,1,0,0,0
9,14870,3,1,1,1,1,1,1,1,1,1
9,14968,5,1,1,0,1,1,1,1,1,1
9,15008,4,1,1,1,1,1,1,1,1,1
9,15023,2,0,0,0,0,0,0,0,0,0
9,15170,2,1,0,0,0,1,0,0,1,0
9,15238,5,0,0,0,0,0,0,0,0,0
9,15385,4,1,1,1,0,0,0,1,0,0
9,15421,5,1,1,1,1,1,1,1,0,1
9,15458,5,0,1,1,0,0,0,1,1,0
9,15462,2,1,0,0,0,0,1,0,1,0
9,15478,4,1,0,0,0,0,0,0,0,0
9,15570,3,1,0,0,0,0,0,1,0,0
9,15607,2,0,1,0,1,0,0,0,1,1
9,15673,4,1,1,1,1,1,1,1,1,1
9,15697,4,0,1,0,0,0,0,1,0,0
9,15772,2,0,0,0,0,0,0,0,0,0
9,15790,4,0,0,0,0,0,0,0,0,0
9,15803,1,0,0,1,0,0,1,0,0,0
9,15922,4,0,0,1,1,0,0,0,1,1
9,16077,4,1,1,1,0,1,0,1,1,0
9,16088,5,0,0,0,1,0,0,1,0,0
9,16148,4,1,1,0,1,1,1,1,0,0
9,16149,2,0,0,0,0,0,0,0,0,0
9,16206,3,1,1,0,1,1,0,1,1,1
9,16255,3,0,0,0,1,0,0,0,0,0
9,16257,3,1,0,0,0,0,0,0,0,0
9,16286,2,0,0,0,0,0,0,0,0,1
9,16437,4,1,0,0,0,0,0,0,1,0
9,16730,1,0,0,0,1,0,0,1,0,0
9,16761,3,0,0,0,0,0,0,1,0,0
9,16763,5,1,0,0,0,0,0,1,1,0
9,16820,5,1,1,1,1,1,1,1,1,1
9,16828,4,1,1,0,0,0,1,1,0,0
9,16922,4,1,1,0,0,0,0,0,0,0
9,17022,4,0,0,0,0,0,0,0,0,0
9,17047,1,0,0,0,0,1,0,0,0,0
9,17156,3,0,0,0,1,1,1,1,0,0
9,17348,4,0,0,0,0,0,0,0,0,0
9,17358,2,0,1,0,0,1,0,1,1,0
9,17410,3,0,0,0,0,0,0,0,0,0
9,17730,4,1,1,0,1,0,0,0,1,0
9,17800,2,0,1,1,0,0,1,0,1,1
9,17808,3,1,0,0,1,0,1,1,1,0
9,17811,5,0,0,0,0,0,0,0,0,0
9,17984,3,1,1,0,1,0,1,0,0,0
9,18073,1,0,0,0,0,0,0,0,0,0
10,158,3,1,1,0,0,0,0,1,0,0
10,179,5,1,0,1,0,0,1,1,0,0
10,197,2,0,0,0,0,0,1,0,0,0
10,309,2,1,1,0,1,0,1,0,1,0
10,391,5,0,1,0,0,0,0,0,0,0
10,395,2,1,1,0,1,1,0,1,1,0
10,520,4,1,1,1,1,1,1,1,1,1
10,586,3,1,1,0,0,0,0,0,1,0
10,596,4,1,1,1,1,1,1,1,1,1
10,600,4,1,1,1,1,1,0,1,1,1
10,781,2,0,1,0,0,1,0,0,0,0
10,896,1,0,0,0,0,1,0,0,0,0
10,914,5,1,1,1,1,1,1,1,1,1
10,968,4,1,1,0,1,0,0,1,1,0
10,1002,1,0,0,0,0,0,0,0,0,0
10,1041,2,0,0,0,0,0,0,0,0,0
10,1087,1,0,0,0,1,0,0,1,0,0
10,1237,4,1,1,0,1,1,1,1,1,1
10,1282,3,1,1,1,1,1,0,0,1,0
10,1294,4,1,0,0,1,0,1,1,1,1
10,1550,5,0,0,0,0,0,0,0,0,0
10,1585,1,0,0,0,0,0,0,0,0,0
10,1594,1,0,1,1,1,1,1,1,0,1
10,1701,4,0,1,1,1,1,0,1,0,0
10,1719,3,1,0,1,0,1,1,1,1,0
10,1758,2,1,1,0,0,0,0,0,0,0
10,1788,5,0,1,1,0,0,0,0,0,0
10,1796,5,1,1,0,0,0,1,1,1,0
10,1813,5,1,1,1,1,1,1,1,1,0
10,1856,2,1,1,1,0,0,0,0,0,0
10,1860,5,1,1,1,1,1,1,1,1,0
10,1938,2,0,0,0,1,0,0,1,1,0
10,1987,3,0,0,0,0,0,1,0,0,0
10,2012,2,0,0,0,0,0,0,0,0,0
10,2111,3,0,0,0,0,0,0,0,0,0
10,2193,4,0,0,0,0,0,0,0,0,0
10,2200,3,1,0,0,0,0,0,0,0,0
10,2240,2,0,0,0,0,0,0,0,0,0
10,2241,3,1,0,0,0,0,0,0,0,0
10,2272,1,1,0,0,1,0,0,0,1,0
10,2295,1,0,0,0,0,0,0,0,0,0
10,2434,3,1,0,0,0,0,0,0,0,0
10,2437,1,0,0,0,0,0,0,1,0,0
10,2443,4,0,1,1,1,1,0,1,0,1
10,2531,3,0,0,0,0,0,0,0,0,0
10,2535,5,1,0,0,0,0,0,1,0,0
10,2657,3,0,0,1,0,0,0,0,0,0
10,2779,5,1,0,1,0,0,0,0,0,0
10,2910,5,1,1,0,1,1,1,1,1,1
10,2967,4,0,0,0,0,0,0,0,0,0
10,2968,4,0,0,0,0,0,0,0,0,0
10,2993,3,1,1,0,1,1,1,0,1,1
10,3042,4,1,1,1,1,0,1,0,1,0
10,3107,5,1,1,0,1,0,1,0,1,0
10,3125,1,0,0,0,0,0,0,0,0,0
10,3166,1,0,0,0,0,0,0,0,0,0
10,3186,4,1,1,0,1,0,1,1,1,0
10,3187,2,1,1,0,1,0,1,1,1,1
10,3291,3,1,0,0,0,1,1,0,1,0
10,3329,1,1,0,0,0,1,0,1,0,0
10,3343,2,0,0,0,0,0,0,1,0,0
10,3431,4,1,0,0,1,1,1,0,1,1
10,3447,5,0,0,0,1,0,0,0,0,0
10,3489,4,1,0,0,0,0,0,1,1,1
10,3607,4,0,0,0,0,0,0,0,1,0
10,3654,5,0,0,0,0,0,0,0,0,0
10,3665,4,1,0,1,0,1,0,1,1,0
10,3707,4,0,1,0,1,0,0,0,0,1
10,3727,4,1,1,1,1,1,1,1,1,1
10,3778,4,1,0,0,1,0,0,0,1,0
10,3811,4,1,0,0,1,1,0,1,1,0
10,3838,2,1,0,0,0,0,1,1,1,0
10,3842,4,1,0,0,0,1,0,1,1,0
10,3892,4,0,0,0,0,0,0,1,0,0
10,3918,4,0,1,1,0,0,0,0,1,0
10,3959,1,0,1,0,0,0,1,0,0,0
10,3965,4,1,1,0,1,1,1,1,1,0
10,3978,4,1,1,1,1,1,0,1,1,0
10,3993,4,1,1,0,1,0,1,0,1,1
10,4117,3,1,0,0,0,0,0,0,0,0
10,4223,3,0,0,0,1,0,0,0,1,0
10,4425,3,1,1,0,1,1,1,0,1,0
10,4508,5,1,1,0,1,1,1,0,0,0
10,4558,1,0,0,0,0,0,0,0,1,0
10,4806,3,1,0,0,1,1,1,1,1,1
10,4894,3,0,0,0,0,0,0,0,0,0
10,4909,5,1,0,0,1,1,1,1,1,0
10,4988,4,0,0,1,0,1,0,0,0,0
10,5378,3,1,0,1,0,0,0,0,1,0
10,5462,4,1,1,0,1,1,1,1,1,0
10,5790,4,0,0,1,1,1,0,1,1,1
10,5793,3,0,0,0,0,0,0,0,0,0
10,5810,3,1,0,0,1,0,0,0,0,0
10,5854,3,0,0,0,0,0,0,0,1,0
10,5876,4,1,0,0,1,0,0,1,0,1
10,5888,4,0,0,0,0,0,0,1,1,0
10,5927,5,0,0,0,0,1,1,1,1,1
10,5970,4,0,0,0,0,0,0,0,1,0
10,5973,4,1,0,0,0,1,0,0,1,1
10,5974,5,0,0,0,0,0,0,0,0,0
10,5999,5,0,0,0,0,0,0,0,0,0
10,6073,3,1,1,1,0,0,1,0,1,0
10,6174,4,0,0,0,0,0,0,0,0,0
10,6232,4,1,1,0,1,1,0,1,0,0
10,6277,3,1,1,0,0,1,0,1,0,0
10,6287,4,0,0,0,0,0,0,0,0,0
10,6370,4,1,1,1,1,1,0,1,1,1
10,6431,4,1,0,0,0,1,0,1,0,0
10,6496,4,0,1,1,1,0,0,1,0,0
10,6581,2,0,0,0,0,0,0,0,0,0
10,6630,1,0,0,0,0,0,0,0,0,0
10,6670,2,0,0,0,0,0,0,0,0,0
10,6730,2,0,0,0,0,0,0,0,0,0
10,6841,3,0,0,0,1,1,0,0,0,0
10,6989,3,1,1,1,1,1,0,1,1,1
10,7207,2,0,0,0,0,0,0,0,0,0
10,7285,3,0,0,0,0,0,0,0,0,0
10,7311,4,1,0,0,0,0,0,0,1,0
10,7410,3,1,1,1,0,1,0,1,0,0
10,7444,4,0,0,1,0,0,0,0,0,0
10,7526,4,1,1,1,1,0,0,1,1,1
10,7646,1,0,0,0,0,0,0,0,0,0
10,7658,4,1,0,1,0,1,0,1,0,0
10,7665,3,0,0,0,0,0,0,0,0,0
10,7730,4,1,0,1,0,0,1,1,1,0
10,7774,3,1,0,0,1,0,0,0,1,1
10,7805,3,0,1,0,0,0,0,0,1,0
10,7909,5,1,1,0,1,0,0,0,1,0
10,8109,4,0,1,1,1,1,1,0,0,0
10,8145,5,1,1,1,0,1,0,1,0,1
10,8171,1,0,0,0,0,0,0,0,0,0
10,8177,2,0,0,0,0,0,0,1,0,0
10,8245,5,0,0,0,1,0,0,0,0,0
10,8331,5,0,1,1,0,1,1,1,1,1
10,8461,2,0,0,0,0,0,0,0,0,0
10,8467,3,1,1,0,1,0,0,1,0,0
10,8656,2,0,0,0,0,0,0,0,0,0
10,8667,4,0,0,0,0,0,0,0,0,0
10,8721,3,0,0,0,0,0,0,0,0,0
10,8790,5,1,1,0,1,0,0,0,1,0
10,8806,3,1,0,1,0,1,0,0,0,1
10,8878,3,1,1,0,1,0,1,0,0,0
10,8909,3,0,0,0,0,0,0,0,1,0
10,8967,3,0,0,0,0,0,0,0,0,0
10,9050,2,0,0,0,0,0,0,1,0,0
10,9099,5,1,0,0,1,0,1,1,1,1
10,9122,3,1,1,0,1,1,1,1,1,0
10,9171,2,1,0,0,1,1,1,1,1,0
10,9197,2,0,0,0,0,0,1,1,1,0
10,9212,4,0,1,0,1,0,0,1,1,1
10,9353,4,1,0,0,0,0,0,0,1,0
10,9434,5,0,0,0,0,0,0,0,0,0
10,9497,2,0,0,0,0,0,0,1,0,0
10,9616,2,0,0,0,0,0,0,0,0,0
10,9627,2,0,0,0,0,0,0,0,0,0
10,9638,2,1,0,0,1,1,0,0,1,0
10,9689,3,0,0,0,0,0,0,0,0,0
10,9759,4,1,1,0,0,0,0,1,1,1
10,9782,4,1,1,0,1,0,1,1,1,1
10,9833,3,0,0,0,0,0,0,0,0,0
10,9873,4,1,1,0,1,1,1,0,0,0
10,9874,1,0,0,0,1,0,1,0,0,0
10,9907,3,0,0,0,1,1,0,0,0,0
10,10020,5,1,1,0,1,1,1,1,1,1
10,10042,3,1,0,0,1,0,1,0,0,0
10,10069,3,0,0,0,0,0,0,0,0,0
10,10165,3,0,0,0,0,1,1,0,1,1
10,10176,3,1,0,0,0,1,0,0,0,0
10,10189,1,0,0,0,1,1,0,0,0,0
10,10259,2,0,0,0,0,0,0,0,0,0
10,10374,4,1,1,1,1,1,1,1,1,1
10,10429,3,0,0,0,0,0,0,0,1,0
10,10505,5,1,0,0,1,0,1,1,1,1
10,10537,4,1,0,0,0,0,1,1,1,1
10,10585,3,1,1,0,1,0,0,1,1,0
10,10631,3,1,1,0,1,1,0,1,1,0
10,10706,3,0,1,0,1,0,1,0,1,0
10,10779,2,0,0,1,0,0,0,0,0,0
10,10843,1,0,0,0,0,0,0,1,0,0
10,10918,1,0,0,0,0,0,0,0,0,0
10,10935,4,1,1,0,1,0,0,0,1,1
10,10939,2,0,1,1,1,1,1,1,1,0
10,11006,3,0,0,0,0,0,0,1,0,0
10,11178,2,1,0,0,0,0,0,0,1,0
10,11198,4,1,1,0,1,0,0,1,1,1
10,11385,5,1,0,0,1,0,0,1,0,1
10,11461,2,1,1,1,1,1,1,1,1,1
10,11472,1,1,0,0,0,0,0,0,0,0
10,11599,5,0,0,0,0,0,0,0,0,0
10,11621,1,0,0,0,0,0,0,0,0,0
10,11669,2,0,0,0,0,1,1,1,0,0
10,11670,2,0,0,0,1,0,0,1,0,0
10,11703,5,1,1,0,1,0,1,1,1,0
10,11798,4,1,1,0,0,1,1,0,1,0
10,11874,4,1,1,0,1,1,1,1,1,0
10,11990,3,0,0,0,0,0,1,1,0,0
10,12156,4,1,1,1,1,1,1,1,1,1
10,12186,3,1,1,0,0,0,0,1,1,0
10,12190,1,0,0,0,0,0,0,1,0,0
10,12199,2,0,0,0,0,0,0,0,0,0
10,12364,4,1,1,0,1,1,1,1,1,1
10,12365,3,0,0,0,0,0,0,0,0,0
10,12431,4,0,1,0,1,0,0,1,1,0
10,12786,1,0,0,0,0,0,1,0,0,0
10,12987,5,0,0,0,0,0,1,1,1,0
10,13043,4,1,1,0,1,0,1,1,1,1
10,13046,2,0,0,0,0,0,0,1,0,0
10,13091,2,1,1,1,0,1,1,1,1,0
10,13221,3,1,1,1,0,1,1,1,1,1
10,13314,5,0,0,1,0,0,0,1,1,0
10,13340,4,1,1,0,0,0,0,1,1,0
10,13389,4,1,0,1,1,1,1,1,0,1
10,13431,1,1,0,1,1,0,0,0,1,1
10,13496,3,0,0,0,0,0,0,0,0,0
10,13545,5,0,0,0,0,0,0,0,0,0
10,13631,1,0,0,0,0,0,0,0,1,0
10,13669,3,1,1,0,1,0,1,1,1,0
10,13715,4,0,0,0,0,0,0,0,0,0
10,13887,3,0,0,0,0,0,0,0,0,0
10,13907,5,1,0,0,0,0,0,0,0,0
10,13959,4,0,0,0,0,0,0,0,0,0
10,13980,3,0,1,0,1,0,0,1,0,0
10,13997,4,1,1,0,0,0,1,0,1,1
10,14000,3,0,0,0,0,0,0,0,0,0
10,14008,2,0,0,0,0,0,0,0,1,0
10,14018,4,0,0,0,0,0,0,0,0,0
10,14141,3,0,0,0,0,0,0,0,1,0
10,14188,3,1,1,1,1,1,1,1,1,1
10,14391,5,1,1,0,1,0,1,1,1,1
10,14448,1,1,1,0,1,0,1,1,1,0
10,14462,4,1,0,0,0,0,1,0,1,0
10,14488,5,1,1,0,1,0,1,1,1,0
10,14489,1,0,1,1,1,1,1,1,1,1
10,14547,2,1,0,0,0,0,0,1,0,0
10,14616,2,1,0,0,0,1,1,0,0,0
10,14757,4,0,1,0,1,1,1,1,1,1
10,14786,2,1,1,1,1,1,1,1,1,1
10,14800,5,1,1,0,1,1,0,0,1,1
10,14818,4,1,1,0,1,1,1,1,1,1
10,14842,1,0,0,0,0,0,0,1,0,0
10,14968,5,1,0,0,1,1,1,1,1,0
10,15157,4,1,1,1,1,1,1,1,1,1
10,15380,4,1,1,0,1,1,1,0,1,0
10,15473,1,0,0,0,0,0,0,0,0,0
10,15478,4,0,0,1,1,1,1,0,1,1
10,15570,3,0,0,0,0,0,0,0,0,0
10,15645,3,0,0,0,0,0,0,0,0,0
10,15673,4,1,1,1,1,1,1,1,1,1
10,15722,5,1,1,0,1,1,1,1,1,0
10,15790,3,0,0,0,0,0,0,0,0,0
10,15916,4,1,1,1,1,1,1,1,1,1
10,15917,4,0,0,1,0,1,1,0,1,0
10,15948,4,1,1,1,1,0,1,0,0,0
10,16149,2,0,0,0,0,0,0,0,0,0
10,16255,3,1,0,0,1,1,0,0,0,0
10,16257,3,1,1,0,0,0,0,1,1,0
10,16348,3,0,1,0,0,0,1,0,0,1
10,16352,3,1,1,1,1,1,1,1,1,1
10,16381,1,0,0,0,0,0,0,0,0,0
10,16508,1,0,0,0,0,0,0,1,0,0
10,16602,3,1,0,0,1,0,0,1,1,0
10,16763,5,1,0,0,0,0,0,1,0,0
10,16818,4,0,1,1,1,1,1,0,1,1
10,16820,5,1,1,1,1,1,1,1,1,1
10,16837,2,0,1,0,0,0,0,0,0,1
10,16892,3,0,0,0,0,0,0,0,0,0
10,16922,4,1,1,0,0,1,0,1,0,0
10,17047,4,0,0,1,1,0,1,0,1,0
10,17156,2,0,0,0,0,1,1,1,0,0
10,17205,5,1,1,1,1,1,1,1,1,1
10,17285,2,0,0,0,0,0,0,0,0,0
10,17348,1,0,0,0,0,0,0,0,0,0
10,17385,2,0,0,0,0,0,0,1,0,0
10,17391,4,1,1,1,1,1,1,1,1,1
10,17410,3,0,0,0,0,0,0,0,0,0
10,17730,4,1,1,0,1,0,0,1,0,0
10,17800,5,1,1,0,1,0,1,1,1,1
10,17808,3,1,0,0,1,0,1,1,1,0
10,17893,5,0,1,1,0,0,0,0,0,0
10,17984,3,1,1,0,1,0,1,0,0,0
10,18073,4,0,1,0,1,0,0,0,0,0
